LAT,LON,SPEED,COURSE,HEADING,DESTINATION,FLAG,LENGTH,SHIPNAME,SHIPTYPE,SHIP_ID,WIDTH,DWT,DATETIME,PORT,date,week_nb,ship_type,port,is_parked
54.77127,18.99692,99,200,196,GDANSK,MT,100,KAROLI,7,2764,14,5727,2016/12/19 11:29:01,gdansk,2016-12-19,51,Cargo,Gdańsk,0
54.76542,18.99361,100,200,196,GDANSK,MT,100,KAROLI,7,2764,14,5727,2016/12/19 11:31:02,gdansk,2016-12-19,51,Cargo,Gdańsk,0
54.76007,18.99059,102,196,196,GDANSK,MT,100,KAROLI,7,2764,14,5727,2016/12/19 11:33:02,gdansk,2016-12-19,51,Cargo,Gdańsk,0
54.75468,18.98753,102,198,196,GDANSK,MT,100,KAROLI,7,2764,14,5727,2016/12/19 11:35:02,gdansk,2016-12-19,51,Cargo,Gdańsk,0
54.74926,18.98447,102,196,195,GDANSK,MT,100,KAROLI,7,2764,14,5727,2016/12/19 11:37:02,gdansk,2016-12-19,51,Cargo,Gdańsk,0
54.74385,18.9815,102,198,196,GDANSK,MT,100,KAROLI,7,2764,14,5727,2016/12/19 11:39:01,gdansk,2016-12-19,51,Cargo,Gdańsk,0
54.73847,18.97842,101,197,196,GDANSK,MT,100,KAROLI,7,2764,14,5727,2016/12/19 11:41:02,gdansk,2016-12-19,51,Cargo,Gdańsk,0
54.73228,18.97505,101,194,196,GDANSK,MT,100,KAROLI,7,2764,14,5727,2016/12/19 11:43:02,gdansk,2016-12-19,51,Cargo,Gdańsk,0
54.72687,18.97215,102,199,196,GDANSK,MT,100,KAROLI,7,2764,14,5727,2016/12/19 11:45:02,gdansk,2016-12-19,51,Cargo,Gdańsk,0
54.72149,18.96915,104,199,197,GDANSK,MT,100,KAROLI,7,2764,14,5727,2016/12/19 11:47:02,gdansk,2016-12-19,51,Cargo,Gdańsk,0
54.71603,18.96611,101,200,197,GDANSK,MT,100,KAROLI,7,2764,14,5727,2016/12/19 11:49:02,gdansk,2016-12-19,51,Cargo,Gdańsk,0
54.71064,18.96314,102,195,197,GDANSK,MT,100,KAROLI,7,2764,14,5727,2016/12/19 11:51:02,gdansk,2016-12-19,51,Cargo,Gdańsk,0
54.71064,18.96314,102,195,197,GDANSK,MT,100,KAROLI,7,2764,14,5727,2016/12/19 11:53:01,gdansk,2016-12-19,51,Cargo,Gdańsk,0
54.70249,18.95867,103,199,198,GDANSK,MT,100,KAROLI,7,2764,14,5727,2016/12/19 11:55:02,gdansk,2016-12-19,51,Cargo,Gdańsk,0
54.69622,18.95493,103,199,199,GDANSK,MT,100,KAROLI,7,2764,14,5727,2016/12/19 11:57:02,gdansk,2016-12-19,51,Cargo,Gdańsk,0
54.69083,18.95175,102,200,199,GDANSK,MT,100,KAROLI,7,2764,14,5727,2016/12/19 11:59:02,gdansk,2016-12-19,51,Cargo,Gdańsk,0
54.68539,18.94862,103,198,201,GDANSK,MT,100,KAROLI,7,2764,14,5727,2016/12/19 12:01:09,gdansk,2016-12-19,51,Cargo,Gdańsk,0
54.67916,18.94461,103,201,201,GDANSK,MT,100,KAROLI,7,2764,14,5727,2016/12/19 12:03:02,gdansk,2016-12-19,51,Cargo,Gdańsk,0
54.67377,18.94113,103,201,201,GDANSK,MT,100,KAROLI,7,2764,14,5727,2016/12/19 12:05:02,gdansk,2016-12-19,51,Cargo,Gdańsk,0
54.66839,18.93759,104,202,203,GDANSK,MT,100,KAROLI,7,2764,14,5727,2016/12/19 12:07:02,gdansk,2016-12-19,51,Cargo,Gdańsk,0
54.66302,18.93393,104,198,200,GDANSK,MT,100,KAROLI,7,2764,14,5727,2016/12/19 12:09:02,gdansk,2016-12-19,51,Cargo,Gdańsk,0
54.65741,18.93085,104,193,195,GDANSK,MT,100,KAROLI,7,2764,14,5727,2016/12/19 12:11:02,gdansk,2016-12-19,51,Cargo,Gdańsk,0
54.65179,18.92818,105,195,196,GDANSK,MT,100,KAROLI,7,2764,14,5727,2016/12/19 12:13:02,gdansk,2016-12-19,51,Cargo,Gdańsk,0
54.64617,18.92541,105,194,196,GDANSK,MT,100,KAROLI,7,2764,14,5727,2016/12/19 12:15:02,gdansk,2016-12-19,51,Cargo,Gdańsk,0
54.64055,18.92261,105,195,196,GDANSK,MT,100,KAROLI,7,2764,14,5727,2016/12/19 12:17:02,gdansk,2016-12-19,51,Cargo,Gdańsk,0
54.63503,18.91946,102,199,202,GDANSK,MT,100,KAROLI,7,2764,14,5727,2016/12/19 12:19:02,gdansk,2016-12-19,51,Cargo,Gdańsk,0
54.62977,18.91534,103,207,207,GDANSK,MT,100,KAROLI,7,2764,14,5727,2016/12/19 12:21:11,gdansk,2016-12-19,51,Cargo,Gdańsk,0
54.62461,18.91091,104,205,206,GDANSK,MT,100,KAROLI,7,2764,14,5727,2016/12/19 12:23:01,gdansk,2016-12-19,51,Cargo,Gdańsk,0
54.61952,18.90633,103,208,208,GDANSK,MT,100,KAROLI,7,2764,14,5727,2016/12/19 12:25:02,gdansk,2016-12-19,51,Cargo,Gdańsk,0
54.61441,18.90163,104,207,208,GDANSK,MT,100,KAROLI,7,2764,14,5727,2016/12/19 12:27:02,gdansk,2016-12-19,51,Cargo,Gdańsk,0
54.60884,18.89647,105,207,208,GDANSK,MT,100,KAROLI,7,2764,14,5727,2016/12/19 12:29:02,gdansk,2016-12-19,51,Cargo,Gdańsk,0
54.6037,18.89152,106,211,210,GDANSK,MT,100,KAROLI,7,2764,14,5727,2016/12/19 12:31:02,gdansk,2016-12-19,51,Cargo,Gdańsk,0
54.59829,18.88569,106,211,212,GDANSK,MT,100,KAROLI,7,2764,14,5727,2016/12/19 12:33:02,gdansk,2016-12-19,51,Cargo,Gdańsk,0
54.59343,18.88003,105,214,217,GDANSK,MT,100,KAROLI,7,2764,14,5727,2016/12/19 12:35:02,gdansk,2016-12-19,51,Cargo,Gdańsk,0
54.58885,18.87388,105,218,219,GDANSK,MT,100,KAROLI,7,2764,14,5727,2016/12/19 12:37:01,gdansk,2016-12-19,51,Cargo,Gdańsk,0
54.58431,18.8675,105,218,219,GDANSK,MT,100,KAROLI,7,2764,14,5727,2016/12/19 12:39:02,gdansk,2016-12-19,51,Cargo,Gdańsk,0
54.57984,18.86108,104,221,221,GDANSK,MT,100,KAROLI,7,2764,14,5727,2016/12/19 12:41:02,gdansk,2016-12-19,51,Cargo,Gdańsk,0
54.57549,18.85447,105,220,221,GDANSK,MT,100,KAROLI,7,2764,14,5727,2016/12/19 12:43:02,gdansk,2016-12-19,51,Cargo,Gdańsk,0
54.56664,18.84112,106,222,222,GDANSK,MT,100,KAROLI,7,2764,14,5727,2016/12/19 12:47:01,gdansk,2016-12-19,51,Cargo,Gdańsk,0
54.5644,18.83774,107,222,222,GDANSK,MT,100,KAROLI,7,2764,14,5727,2016/12/19 12:49:01,gdansk,2016-12-19,51,Cargo,Gdańsk,0
54.5644,18.83774,107,222,222,GDANSK,MT,100,KAROLI,7,2764,14,5727,2016/12/19 12:51:02,gdansk,2016-12-19,51,Cargo,Gdańsk,0
54.5644,18.83774,107,222,222,GDANSK,MT,100,KAROLI,7,2764,14,5727,2016/12/19 12:53:02,gdansk,2016-12-19,51,Cargo,Gdańsk,0
54.5644,18.83774,107,222,222,GDANSK,MT,100,KAROLI,7,2764,14,5727,2016/12/19 12:55:01,gdansk,2016-12-19,51,Cargo,Gdańsk,0
54.54369,18.80568,97,222,223,GDANSK,MT,100,KAROLI,7,2764,14,5727,2016/12/19 12:59:02,gdansk,2016-12-19,51,Cargo,Gdańsk,0
54.53971,18.79936,98,220,220,GDANSK,MT,100,KAROLI,7,2764,14,5727,2016/12/19 13:01:02,gdansk,2016-12-19,51,Cargo,Gdańsk,0
54.53133,18.7873,98,220,220,GDANSK,MT,100,KAROLI,7,2764,14,5727,2016/12/19 13:05:02,gdansk,2016-12-19,51,Cargo,Gdańsk,0
54.52716,18.78131,97,219,220,GDANSK,MT,100,KAROLI,7,2764,14,5727,2016/12/19 13:07:10,gdansk,2016-12-19,51,Cargo,Gdańsk,0
54.523,18.7753,98,219,220,GDANSK,MT,100,KAROLI,7,2764,14,5727,2016/12/19 13:09:01,gdansk,2016-12-19,51,Cargo,Gdańsk,0
54.51851,18.76883,97,220,220,GDANSK,MT,100,KAROLI,7,2764,14,5727,2016/12/19 13:11:02,gdansk,2016-12-19,51,Cargo,Gdańsk,0
54.51438,18.76283,97,219,220,GDANSK,MT,100,KAROLI,7,2764,14,5727,2016/12/19 13:13:02,gdansk,2016-12-19,51,Cargo,Gdańsk,0
54.51026,18.7568,98,219,220,GDANSK,MT,100,KAROLI,7,2764,14,5727,2016/12/19 13:15:02,gdansk,2016-12-19,51,Cargo,Gdańsk,0
54.50785,18.75325,98,220,220,GDANSK,MT,100,KAROLI,7,2764,14,5727,2016/12/19 13:17:01,gdansk,2016-12-19,51,Cargo,Gdańsk,0
54.50165,18.74412,98,221,220,GDANSK,MT,100,KAROLI,7,2764,14,5727,2016/12/19 13:19:02,gdansk,2016-12-19,51,Cargo,Gdańsk,0
54.49924,18.74054,98,221,220,GDANSK,MT,100,KAROLI,7,2764,14,5727,2016/12/19 13:21:02,gdansk,2016-12-19,51,Cargo,Gdańsk,0
54.49306,18.73135,98,220,220,GDANSK,MT,100,KAROLI,7,2764,14,5727,2016/12/19 13:23:02,gdansk,2016-12-19,51,Cargo,Gdańsk,0
54.48894,18.72523,98,219,219,GDANSK,MT,100,KAROLI,7,2764,14,5727,2016/12/19 13:25:01,gdansk,2016-12-19,51,Cargo,Gdańsk,0
54.4848,18.71914,97,221,220,GDANSK,MT,100,KAROLI,7,2764,14,5727,2016/12/19 13:27:02,gdansk,2016-12-19,51,Cargo,Gdańsk,0
54.48062,18.7132,97,218,217,GDANSK,MT,100,KAROLI,7,2764,14,5727,2016/12/19 13:29:01,gdansk,2016-12-19,51,Cargo,Gdańsk,0
54.47639,18.70733,98,219,218,GDANSK,MT,100,KAROLI,7,2764,14,5727,2016/12/19 13:31:02,gdansk,2016-12-19,51,Cargo,Gdańsk,0
54.47213,18.70151,98,218,219,GDANSK,MT,100,KAROLI,7,2764,14,5727,2016/12/19 13:33:02,gdansk,2016-12-19,51,Cargo,Gdańsk,0
54.46791,18.69565,97,217,217,GDANSK,MT,100,KAROLI,7,2764,14,5727,2016/12/19 13:35:01,gdansk,2016-12-19,51,Cargo,Gdańsk,0
54.46585,18.69279,97,220,221,GDANSK,MT,100,KAROLI,7,2764,14,5727,2016/12/19 13:37:09,gdansk,2016-12-19,51,Cargo,Gdańsk,0
54.46387,18.68978,92,221,224,GDANSK,MT,100,KAROLI,7,2764,14,5727,2016/12/19 13:39:02,gdansk,2016-12-19,51,Cargo,Gdańsk,0
54.45707,18.67747,80,226,225,GDANSK,MT,100,KAROLI,7,2764,14,5727,2016/12/19 13:41:02,gdansk,2016-12-19,51,Cargo,Gdańsk,0
54.45415,18.67219,62,226,228,GDANSK,MT,100,KAROLI,7,2764,14,5727,2016/12/19 13:43:02,gdansk,2016-12-19,51,Cargo,Gdańsk,0
54.45201,18.66804,52,225,225,GDANSK,MT,100,KAROLI,7,2764,14,5727,2016/12/19 13:45:01,gdansk,2016-12-19,51,Cargo,Gdańsk,0
54.45016,18.66463,46,230,228,GDANSK,MT,100,KAROLI,7,2764,14,5727,2016/12/19 13:47:01,gdansk,2016-12-19,51,Cargo,Gdańsk,0
54.4467,18.65843,46,225,230,GDANSK,MT,100,KAROLI,7,2764,14,5727,2016/12/19 13:51:01,gdansk,2016-12-19,51,Cargo,Gdańsk,0
54.44529,18.6553,37,236,241,GDANSK,MT,100,KAROLI,7,2764,14,5727,2016/12/19 13:53:02,gdansk,2016-12-19,51,Cargo,Gdańsk,0
54.44462,18.65339,23,241,258,GDANSK,MT,100,KAROLI,7,2764,14,5727,2016/12/19 13:55:02,gdansk,2016-12-19,51,Cargo,Gdańsk,0
54.44434,18.65195,9,260,294,GDANSK,MT,100,KAROLI,7,2764,14,5727,2016/12/19 13:57:02,gdansk,2016-12-19,51,Cargo,Gdańsk,0
54.44431,18.65153,1,236,318,GDANSK,MT,100,KAROLI,7,2764,14,5727,2016/12/19 13:59:01,gdansk,2016-12-19,51,Cargo,Gdańsk,1
54.44431,18.65153,1,236,318,GDANSK,MT,100,KAROLI,7,2764,14,5727,2016/12/19 14:01:02,gdansk,2016-12-19,51,Cargo,Gdańsk,1
54.44431,18.65153,1,236,318,GDANSK,MT,100,KAROLI,7,2764,14,5727,2016/12/19 14:03:02,gdansk,2016-12-19,51,Cargo,Gdańsk,1
54.44436,18.6515,2,33,349,GDANSK,MT,100,KAROLI,7,2764,14,5727,2016/12/19 14:05:02,gdansk,2016-12-19,51,Cargo,Gdańsk,1
54.44448,18.65175,2,72,342,GDANSK,MT,100,KAROLI,7,2764,14,5727,2016/12/19 14:07:02,gdansk,2016-12-19,51,Cargo,Gdańsk,1
54.44448,18.65175,2,72,342,GDANSK,MT,100,KAROLI,7,2764,14,5727,2016/12/19 14:09:01,gdansk,2016-12-19,51,Cargo,Gdańsk,1
54.44447,18.65215,2,100,325,GDANSK,MT,100,KAROLI,7,2764,14,5727,2016/12/19 14:11:02,gdansk,2016-12-19,51,Cargo,Gdańsk,1
54.44446,18.65272,4,91,304,GDANSK,MT,100,KAROLI,7,2764,14,5727,2016/12/19 14:13:02,gdansk,2016-12-19,51,Cargo,Gdańsk,1
54.44446,18.65272,4,91,304,GDANSK,MT,100,KAROLI,7,2764,14,5727,2016/12/19 14:15:01,gdansk,2016-12-19,51,Cargo,Gdańsk,1
54.44448,18.65305,0,67,290,GDANSK,MT,100,KAROLI,7,2764,14,5727,2016/12/19 14:17:02,gdansk,2016-12-19,51,Cargo,Gdańsk,1
54.4445,18.65302,0,307,292,GDANSK,MT,100,KAROLI,7,2764,14,5727,2016/12/19 14:19:02,gdansk,2016-12-19,51,Cargo,Gdańsk,1
54.4445,18.65302,0,307,292,GDANSK,MT,100,KAROLI,7,2764,14,5727,2016/12/19 14:21:02,gdansk,2016-12-19,51,Cargo,Gdańsk,1
54.44452,18.6531,0,71,292,GDANSK,MT,100,KAROLI,7,2764,14,5727,2016/12/19 14:23:01,gdansk,2016-12-19,51,Cargo,Gdańsk,1
54.44458,18.65308,0,349,289,GDANSK,MT,100,KAROLI,7,2764,14,5727,2016/12/19 14:25:01,gdansk,2016-12-19,51,Cargo,Gdańsk,1
54.44458,18.65308,0,349,289,GDANSK,MT,100,KAROLI,7,2764,14,5727,2016/12/19 14:27:02,gdansk,2016-12-19,51,Cargo,Gdańsk,1
54.44461,18.65319,0,26,288,GDANSK,MT,100,KAROLI,7,2764,14,5727,2016/12/19 14:29:02,gdansk,2016-12-19,51,Cargo,Gdańsk,1
54.44461,18.65319,0,26,288,GDANSK,MT,100,KAROLI,7,2764,14,5727,2016/12/19 14:31:02,gdansk,2016-12-19,51,Cargo,Gdańsk,1
54.44467,18.65317,0,25,285,GDANSK,MT,100,KAROLI,7,2764,14,5727,2016/12/19 14:33:01,gdansk,2016-12-19,51,Cargo,Gdańsk,1
54.44478,18.65322,1,343,275,GDANSK,MT,100,KAROLI,7,2764,14,5727,2016/12/19 14:35:02,gdansk,2016-12-19,51,Cargo,Gdańsk,1
54.44479,18.65322,0,101,272,GDANSK,MT,100,KAROLI,7,2764,14,5727,2016/12/19 14:37:01,gdansk,2016-12-19,51,Cargo,Gdańsk,1
54.44479,18.65322,0,101,272,GDANSK,MT,100,KAROLI,7,2764,14,5727,2016/12/19 14:39:02,gdansk,2016-12-19,51,Cargo,Gdańsk,1
54.44469,18.6532,0,229,283,GDANSK,MT,100,KAROLI,7,2764,14,5727,2016/12/19 14:41:02,gdansk,2016-12-19,51,Cargo,Gdańsk,1
54.44467,18.65318,0,93,286,GDANSK,MT,100,KAROLI,7,2764,14,5727,2016/12/19 14:43:02,gdansk,2016-12-19,51,Cargo,Gdańsk,1
54.44467,18.65318,0,93,286,GDANSK,MT,100,KAROLI,7,2764,14,5727,2016/12/19 14:45:02,gdansk,2016-12-19,51,Cargo,Gdańsk,1
54.44471,18.65319,0,330,277,GDANSK,MT,100,KAROLI,7,2764,14,5727,2016/12/19 14:47:01,gdansk,2016-12-19,51,Cargo,Gdańsk,1
54.44472,18.65321,0,184,278,GDANSK,MT,100,KAROLI,7,2764,14,5727,2016/12/19 14:49:02,gdansk,2016-12-19,51,Cargo,Gdańsk,1
54.44472,18.65321,0,184,278,GDANSK,MT,100,KAROLI,7,2764,14,5727,2016/12/19 14:51:02,gdansk,2016-12-19,51,Cargo,Gdańsk,1
54.44467,18.65317,0,188,285,GDANSK,MT,100,KAROLI,7,2764,14,5727,2016/12/19 14:53:02,gdansk,2016-12-19,51,Cargo,Gdańsk,1
54.44464,18.65316,0,234,285,GDANSK,MT,100,KAROLI,7,2764,14,5727,2016/12/19 14:55:02,gdansk,2016-12-19,51,Cargo,Gdańsk,1
54.44464,18.65316,0,234,285,GDANSK,MT,100,KAROLI,7,2764,14,5727,2016/12/19 14:57:02,gdansk,2016-12-19,51,Cargo,Gdańsk,1
54.44463,18.65321,0,158,284,GDANSK,MT,100,KAROLI,7,2764,14,5727,2016/12/19 14:59:02,gdansk,2016-12-19,51,Cargo,Gdańsk,1
54.44463,18.65321,0,158,284,GDANSK,MT,100,KAROLI,7,2764,14,5727,2016/12/19 15:01:02,gdansk,2016-12-19,51,Cargo,Gdańsk,1
54.44461,18.6531,0,230,284,GDANSK,MT,100,KAROLI,7,2764,14,5727,2016/12/19 15:03:02,gdansk,2016-12-19,51,Cargo,Gdańsk,1
54.44453,18.65314,0,156,288,GDANSK,MT,100,KAROLI,7,2764,14,5727,2016/12/19 15:05:01,gdansk,2016-12-19,51,Cargo,Gdańsk,1
54.44452,18.65305,0,270,292,GDANSK,MT,100,KAROLI,7,2764,14,5727,2016/12/19 15:07:02,gdansk,2016-12-19,51,Cargo,Gdańsk,1
54.44452,18.65305,0,270,292,GDANSK,MT,100,KAROLI,7,2764,14,5727,2016/12/19 15:09:01,gdansk,2016-12-19,51,Cargo,Gdańsk,1
54.44447,18.65301,0,161,294,GDANSK,MT,100,KAROLI,7,2764,14,5727,2016/12/19 15:11:10,gdansk,2016-12-19,51,Cargo,Gdańsk,1
54.44447,18.65308,0,77,294,GDANSK,MT,100,KAROLI,7,2764,14,5727,2016/12/19 15:13:02,gdansk,2016-12-19,51,Cargo,Gdańsk,1
54.44447,18.65308,0,77,294,GDANSK,MT,100,KAROLI,7,2764,14,5727,2016/12/19 15:15:02,gdansk,2016-12-19,51,Cargo,Gdańsk,1
54.44452,18.6531,1,4,293,GDANSK,MT,100,KAROLI,7,2764,14,5727,2016/12/19 15:17:01,gdansk,2016-12-19,51,Cargo,Gdańsk,1
54.44459,18.65315,1,34,288,GDANSK,MT,100,KAROLI,7,2764,14,5727,2016/12/19 15:19:02,gdansk,2016-12-19,51,Cargo,Gdańsk,1
54.44459,18.65315,1,34,288,GDANSK,MT,100,KAROLI,7,2764,14,5727,2016/12/19 15:21:02,gdansk,2016-12-19,51,Cargo,Gdańsk,1
54.4447,18.65317,1,357,280,GDANSK,MT,100,KAROLI,7,2764,14,5727,2016/12/19 15:23:02,gdansk,2016-12-19,51,Cargo,Gdańsk,1
54.44476,18.65322,0,4,277,GDANSK,MT,100,KAROLI,7,2764,14,5727,2016/12/19 15:25:02,gdansk,2016-12-19,51,Cargo,Gdańsk,1
54.44476,18.65322,0,4,277,GDANSK,MT,100,KAROLI,7,2764,14,5727,2016/12/19 15:27:02,gdansk,2016-12-19,51,Cargo,Gdańsk,1
54.44475,18.65317,0,235,278,GDANSK,MT,100,KAROLI,7,2764,14,5727,2016/12/19 15:29:02,gdansk,2016-12-19,51,Cargo,Gdańsk,1
54.44477,18.65322,0,129,275,GDANSK,MT,100,KAROLI,7,2764,14,5727,2016/12/19 15:31:02,gdansk,2016-12-19,51,Cargo,Gdańsk,1
54.44477,18.65322,0,129,275,GDANSK,MT,100,KAROLI,7,2764,14,5727,2016/12/19 15:33:02,gdansk,2016-12-19,51,Cargo,Gdańsk,1
54.44472,18.65318,0,215,275,GDANSK,MT,100,KAROLI,7,2764,14,5727,2016/12/19 15:35:02,gdansk,2016-12-19,51,Cargo,Gdańsk,1
54.44468,18.65318,0,210,282,GDANSK,MT,100,KAROLI,7,2764,14,5727,2016/12/19 15:37:02,gdansk,2016-12-19,51,Cargo,Gdańsk,1
54.44468,18.65318,0,210,282,GDANSK,MT,100,KAROLI,7,2764,14,5727,2016/12/19 15:39:02,gdansk,2016-12-19,51,Cargo,Gdańsk,1
54.44468,18.6531,0,260,284,GDANSK,MT,100,KAROLI,7,2764,14,5727,2016/12/19 15:41:02,gdansk,2016-12-19,51,Cargo,Gdańsk,1
54.44465,18.65318,0,117,283,GDANSK,MT,100,KAROLI,7,2764,14,5727,2016/12/19 15:43:01,gdansk,2016-12-19,51,Cargo,Gdańsk,1
54.44465,18.65318,0,117,283,GDANSK,MT,100,KAROLI,7,2764,14,5727,2016/12/19 15:45:02,gdansk,2016-12-19,51,Cargo,Gdańsk,1
54.44463,18.65309,0,252,283,GDANSK,MT,100,KAROLI,7,2764,14,5727,2016/12/19 15:47:02,gdansk,2016-12-19,51,Cargo,Gdańsk,1
54.44458,18.65311,0,151,286,GDANSK,MT,100,KAROLI,7,2764,14,5727,2016/12/19 15:49:02,gdansk,2016-12-19,51,Cargo,Gdańsk,1
54.44458,18.65311,0,151,286,GDANSK,MT,100,KAROLI,7,2764,14,5727,2016/12/19 15:51:02,gdansk,2016-12-19,51,Cargo,Gdańsk,1
54.44454,18.6531,1,249,290,GDANSK,MT,100,KAROLI,7,2764,14,5727,2016/12/19 15:53:02,gdansk,2016-12-19,51,Cargo,Gdańsk,1
54.4445,18.65313,0,128,294,GDANSK,MT,100,KAROLI,7,2764,14,5727,2016/12/19 15:55:01,gdansk,2016-12-19,51,Cargo,Gdańsk,1
54.4445,18.65313,0,128,294,GDANSK,MT,100,KAROLI,7,2764,14,5727,2016/12/19 15:57:02,gdansk,2016-12-19,51,Cargo,Gdańsk,1
54.4445,18.65308,0,268,289,GDANSK,MT,100,KAROLI,7,2764,14,5727,2016/12/19 15:59:02,gdansk,2016-12-19,51,Cargo,Gdańsk,1
54.44446,18.6531,1,167,290,GDANSK,MT,100,KAROLI,7,2764,14,5727,2016/12/19 16:01:02,gdansk,2016-12-19,51,Cargo,Gdańsk,1
54.44446,18.6531,1,167,290,GDANSK,MT,100,KAROLI,7,2764,14,5727,2016/12/19 16:03:02,gdansk,2016-12-19,51,Cargo,Gdańsk,1
54.44439,18.65302,0,233,299,GDANSK,MT,100,KAROLI,7,2764,14,5727,2016/12/19 16:05:02,gdansk,2016-12-19,51,Cargo,Gdańsk,1
54.44436,18.65297,0,256,302,GDANSK,MT,100,KAROLI,7,2764,14,5727,2016/12/19 16:07:02,gdansk,2016-12-19,51,Cargo,Gdańsk,1
54.44436,18.65297,0,256,302,GDANSK,MT,100,KAROLI,7,2764,14,5727,2016/12/19 16:09:02,gdansk,2016-12-19,51,Cargo,Gdańsk,1
54.44433,18.65301,1,125,302,GDANSK,MT,100,KAROLI,7,2764,14,5727,2016/12/19 16:11:01,gdansk,2016-12-19,51,Cargo,Gdańsk,1
54.4444,18.65302,0,353,295,GDANSK,MT,100,KAROLI,7,2764,14,5727,2016/12/19 16:13:02,gdansk,2016-12-19,51,Cargo,Gdańsk,1
54.4444,18.65302,0,353,295,GDANSK,MT,100,KAROLI,7,2764,14,5727,2016/12/19 16:15:02,gdansk,2016-12-19,51,Cargo,Gdańsk,1
54.4444,18.65308,0,138,294,GDANSK,MT,100,KAROLI,7,2764,14,5727,2016/12/19 16:17:02,gdansk,2016-12-19,51,Cargo,Gdańsk,1
54.44439,18.65299,0,277,300,GDANSK,MT,100,KAROLI,7,2764,14,5727,2016/12/19 16:19:01,gdansk,2016-12-19,51,Cargo,Gdańsk,1
54.44439,18.65299,0,277,300,GDANSK,MT,100,KAROLI,7,2764,14,5727,2016/12/19 16:21:01,gdansk,2016-12-19,51,Cargo,Gdańsk,1
54.44442,18.65312,1,52,298,GDANSK,MT,100,KAROLI,7,2764,14,5727,2016/12/19 16:23:02,gdansk,2016-12-19,51,Cargo,Gdańsk,1
54.44453,18.65314,0,355,286,GDANSK,MT,100,KAROLI,7,2764,14,5727,2016/12/19 16:25:02,gdansk,2016-12-19,51,Cargo,Gdańsk,1
54.44453,18.65314,0,355,286,GDANSK,MT,100,KAROLI,7,2764,14,5727,2016/12/19 16:27:01,gdansk,2016-12-19,51,Cargo,Gdańsk,1
54.44455,18.6532,0,71,285,GDANSK,MT,100,KAROLI,7,2764,14,5727,2016/12/19 16:29:02,gdansk,2016-12-19,51,Cargo,Gdańsk,1
54.44455,18.6532,0,341,289,GDANSK,MT,100,KAROLI,7,2764,14,5727,2016/12/19 16:31:01,gdansk,2016-12-19,51,Cargo,Gdańsk,1
54.44455,18.6532,0,341,289,GDANSK,MT,100,KAROLI,7,2764,14,5727,2016/12/19 16:33:02,gdansk,2016-12-19,51,Cargo,Gdańsk,1
54.4446,18.65321,0,7,285,GDANSK,MT,100,KAROLI,7,2764,14,5727,2016/12/19 16:35:02,gdansk,2016-12-19,51,Cargo,Gdańsk,1
54.4446,18.65321,0,7,285,GDANSK,MT,100,KAROLI,7,2764,14,5727,2016/12/19 16:37:01,gdansk,2016-12-19,51,Cargo,Gdańsk,1
54.44465,18.65325,0,332,279,GDANSK,MT,100,KAROLI,7,2764,14,5727,2016/12/19 16:39:02,gdansk,2016-12-19,51,Cargo,Gdańsk,1
54.44463,18.65323,0,229,279,GDANSK,MT,100,KAROLI,7,2764,14,5727,2016/12/19 16:41:02,gdansk,2016-12-19,51,Cargo,Gdańsk,1
54.4446,18.65328,0,143,284,GDANSK,MT,100,KAROLI,7,2764,14,5727,2016/12/19 16:43:01,gdansk,2016-12-19,51,Cargo,Gdańsk,1
54.4446,18.65328,0,143,284,GDANSK,MT,100,KAROLI,7,2764,14,5727,2016/12/19 16:45:02,gdansk,2016-12-19,51,Cargo,Gdańsk,1
54.44456,18.65321,0,171,284,GDANSK,MT,100,KAROLI,7,2764,14,5727,2016/12/19 16:47:02,gdansk,2016-12-19,51,Cargo,Gdańsk,1
54.44449,18.65319,2,221,288,GDANSK,MT,100,KAROLI,7,2764,14,5727,2016/12/19 16:49:01,gdansk,2016-12-19,51,Cargo,Gdańsk,1
54.44449,18.65319,2,221,288,GDANSK,MT,100,KAROLI,7,2764,14,5727,2016/12/19 16:51:01,gdansk,2016-12-19,51,Cargo,Gdańsk,1
54.44441,18.65309,0,179,295,GDANSK,MT,100,KAROLI,7,2764,14,5727,2016/12/19 16:53:02,gdansk,2016-12-19,51,Cargo,Gdańsk,1
54.44441,18.65312,1,3,297,GDANSK,MT,100,KAROLI,7,2764,14,5727,2016/12/19 16:55:02,gdansk,2016-12-19,51,Cargo,Gdańsk,1
54.44441,18.65312,1,3,297,GDANSK,MT,100,KAROLI,7,2764,14,5727,2016/12/19 16:57:02,gdansk,2016-12-19,51,Cargo,Gdańsk,1
54.44444,18.65308,0,71,292,GDANSK,MT,100,KAROLI,7,2764,14,5727,2016/12/19 16:59:01,gdansk,2016-12-19,51,Cargo,Gdańsk,1
54.44441,18.65316,0,197,294,GDANSK,MT,100,KAROLI,7,2764,14,5727,2016/12/19 17:01:02,gdansk,2016-12-19,51,Cargo,Gdańsk,1
54.44441,18.65316,0,197,294,GDANSK,MT,100,KAROLI,7,2764,14,5727,2016/12/19 17:03:01,gdansk,2016-12-19,51,Cargo,Gdańsk,1
54.44439,18.65314,0,150,296,GDANSK,MT,100,KAROLI,7,2764,14,5727,2016/12/19 17:05:02,gdansk,2016-12-19,51,Cargo,Gdańsk,1
54.44439,18.6531,0,259,295,GDANSK,MT,100,KAROLI,7,2764,14,5727,2016/12/19 17:07:02,gdansk,2016-12-19,51,Cargo,Gdańsk,1
54.44439,18.6531,0,259,295,GDANSK,MT,100,KAROLI,7,2764,14,5727,2016/12/19 17:09:02,gdansk,2016-12-19,51,Cargo,Gdańsk,1
54.44436,18.65313,0,158,298,GDANSK,MT,100,KAROLI,7,2764,14,5727,2016/12/19 17:11:02,gdansk,2016-12-19,51,Cargo,Gdańsk,1
54.44433,18.65306,0,282,301,GDANSK,MT,100,KAROLI,7,2764,14,5727,2016/12/19 17:13:02,gdansk,2016-12-19,51,Cargo,Gdańsk,1
54.44433,18.65306,0,282,301,GDANSK,MT,100,KAROLI,7,2764,14,5727,2016/12/19 17:15:02,gdansk,2016-12-19,51,Cargo,Gdańsk,1
54.44438,18.65311,1,44,299,GDANSK,MT,100,KAROLI,7,2764,14,5727,2016/12/19 17:17:01,gdansk,2016-12-19,51,Cargo,Gdańsk,1
54.44438,18.65311,1,44,299,GDANSK,MT,100,KAROLI,7,2764,14,5727,2016/12/19 17:19:01,gdansk,2016-12-19,51,Cargo,Gdańsk,1
54.44453,18.65323,1,12,288,GDANSK,MT,100,KAROLI,7,2764,14,5727,2016/12/19 17:21:02,gdansk,2016-12-19,51,Cargo,Gdańsk,1
54.44462,18.6533,0,19,282,GDANSK,MT,100,KAROLI,7,2764,14,5727,2016/12/19 17:23:02,gdansk,2016-12-19,51,Cargo,Gdańsk,1
54.44462,18.6533,0,19,282,GDANSK,MT,100,KAROLI,7,2764,14,5727,2016/12/19 17:25:01,gdansk,2016-12-19,51,Cargo,Gdańsk,1
54.44464,18.65331,0,344,281,GDANSK,MT,100,KAROLI,7,2764,14,5727,2016/12/19 17:27:02,gdansk,2016-12-19,51,Cargo,Gdańsk,1
54.44465,18.6533,0,70,278,GDANSK,MT,100,KAROLI,7,2764,14,5727,2016/12/19 17:29:02,gdansk,2016-12-19,51,Cargo,Gdańsk,1
54.44458,18.65326,0,211,282,GDANSK,MT,100,KAROLI,7,2764,14,5727,2016/12/19 17:31:01,gdansk,2016-12-19,51,Cargo,Gdańsk,1
54.44458,18.65326,0,211,282,GDANSK,MT,100,KAROLI,7,2764,14,5727,2016/12/19 17:33:02,gdansk,2016-12-19,51,Cargo,Gdańsk,1
54.44448,18.65323,1,188,289,GDANSK,MT,100,KAROLI,7,2764,14,5727,2016/12/19 17:35:02,gdansk,2016-12-19,51,Cargo,Gdańsk,1
54.44438,18.65314,1,213,296,GDANSK,MT,100,KAROLI,7,2764,14,5727,2016/12/19 17:37:02,gdansk,2016-12-19,51,Cargo,Gdańsk,1
54.44438,18.65314,1,213,296,GDANSK,MT,100,KAROLI,7,2764,14,5727,2016/12/19 17:39:02,gdansk,2016-12-19,51,Cargo,Gdańsk,1
54.44432,18.6531,1,223,299,GDANSK,MT,100,KAROLI,7,2764,14,5727,2016/12/19 17:41:01,gdansk,2016-12-19,51,Cargo,Gdańsk,1
54.44427,18.65301,0,226,303,GDANSK,MT,100,KAROLI,7,2764,14,5727,2016/12/19 17:43:02,gdansk,2016-12-19,51,Cargo,Gdańsk,1
54.44427,18.65301,0,226,303,GDANSK,MT,100,KAROLI,7,2764,14,5727,2016/12/19 17:45:02,gdansk,2016-12-19,51,Cargo,Gdańsk,1
54.44424,18.653,0,127,306,GDANSK,MT,100,KAROLI,7,2764,14,5727,2016/12/19 17:47:10,gdansk,2016-12-19,51,Cargo,Gdańsk,1
54.44427,18.65304,0,359,302,GDANSK,MT,100,KAROLI,7,2764,14,5727,2016/12/19 17:49:02,gdansk,2016-12-19,51,Cargo,Gdańsk,1
54.44427,18.65304,0,359,302,GDANSK,MT,100,KAROLI,7,2764,14,5727,2016/12/19 17:51:01,gdansk,2016-12-19,51,Cargo,Gdańsk,1
54.44434,18.65312,1,72,297,GDANSK,MT,100,KAROLI,7,2764,14,5727,2016/12/19 17:53:02,gdansk,2016-12-19,51,Cargo,Gdańsk,1
54.44436,18.65317,1,334,295,GDANSK,MT,100,KAROLI,7,2764,14,5727,2016/12/19 17:55:02,gdansk,2016-12-19,51,Cargo,Gdańsk,1
54.44436,18.65317,1,334,295,GDANSK,MT,100,KAROLI,7,2764,14,5727,2016/12/19 17:57:01,gdansk,2016-12-19,51,Cargo,Gdańsk,1
54.44438,18.65318,0,56,294,GDANSK,MT,100,KAROLI,7,2764,14,5727,2016/12/19 17:59:02,gdansk,2016-12-19,51,Cargo,Gdańsk,1
54.44441,18.6532,0,322,293,GDANSK,MT,100,KAROLI,7,2764,14,5727,2016/12/19 18:01:02,gdansk,2016-12-19,51,Cargo,Gdańsk,1
54.44441,18.6532,0,322,293,GDANSK,MT,100,KAROLI,7,2764,14,5727,2016/12/19 18:03:02,gdansk,2016-12-19,51,Cargo,Gdańsk,1
54.44442,18.65317,0,62,293,GDANSK,MT,100,KAROLI,7,2764,14,5727,2016/12/19 18:05:02,gdansk,2016-12-19,51,Cargo,Gdańsk,1
54.44441,18.65323,0,347,294,GDANSK,MT,100,KAROLI,7,2764,14,5727,2016/12/19 18:07:02,gdansk,2016-12-19,51,Cargo,Gdańsk,1
54.44441,18.65323,0,347,294,GDANSK,MT,100,KAROLI,7,2764,14,5727,2016/12/19 18:09:01,gdansk,2016-12-19,51,Cargo,Gdańsk,1
54.44444,18.65323,0,50,293,GDANSK,MT,100,KAROLI,7,2764,14,5727,2016/12/19 18:11:02,gdansk,2016-12-19,51,Cargo,Gdańsk,1
54.44445,18.65322,0,304,292,GDANSK,MT,100,KAROLI,7,2764,14,5727,2016/12/19 18:13:02,gdansk,2016-12-19,51,Cargo,Gdańsk,1
54.44445,18.65322,0,304,292,GDANSK,MT,100,KAROLI,7,2764,14,5727,2016/12/19 18:15:02,gdansk,2016-12-19,51,Cargo,Gdańsk,1
54.44445,18.65325,0,86,292,GDANSK,MT,100,KAROLI,7,2764,14,5727,2016/12/19 18:17:09,gdansk,2016-12-19,51,Cargo,Gdańsk,1
54.44447,18.6532,1,295,292,GDANSK,MT,100,KAROLI,7,2764,14,5727,2016/12/19 18:19:01,gdansk,2016-12-19,51,Cargo,Gdańsk,1
54.44447,18.6532,1,295,292,GDANSK,MT,100,KAROLI,7,2764,14,5727,2016/12/19 18:21:02,gdansk,2016-12-19,51,Cargo,Gdańsk,1
54.44444,18.65316,1,162,296,GDANSK,MT,100,KAROLI,7,2764,14,5727,2016/12/19 18:23:01,gdansk,2016-12-19,51,Cargo,Gdańsk,1
54.44438,18.65319,0,168,297,GDANSK,MT,100,KAROLI,7,2764,14,5727,2016/12/19 18:25:02,gdansk,2016-12-19,51,Cargo,Gdańsk,1
54.44438,18.65319,0,168,297,GDANSK,MT,100,KAROLI,7,2764,14,5727,2016/12/19 18:27:01,gdansk,2016-12-19,51,Cargo,Gdańsk,1
54.44437,18.65311,0,227,296,GDANSK,MT,100,KAROLI,7,2764,14,5727,2016/12/19 18:29:02,gdansk,2016-12-19,51,Cargo,Gdańsk,1
54.4443,18.65307,1,199,301,GDANSK,MT,100,KAROLI,7,2764,14,5727,2016/12/19 18:31:02,gdansk,2016-12-19,51,Cargo,Gdańsk,1
54.4443,18.65307,1,199,301,GDANSK,MT,100,KAROLI,7,2764,14,5727,2016/12/19 18:33:01,gdansk,2016-12-19,51,Cargo,Gdańsk,1
54.44422,18.653,1,216,308,GDANSK,MT,100,KAROLI,7,2764,14,5727,2016/12/19 18:35:02,gdansk,2016-12-19,51,Cargo,Gdańsk,1
54.44419,18.65293,0,249,313,GDANSK,MT,100,KAROLI,7,2764,14,5727,2016/12/19 18:37:02,gdansk,2016-12-19,51,Cargo,Gdańsk,1
54.44419,18.65293,0,249,313,GDANSK,MT,100,KAROLI,7,2764,14,5727,2016/12/19 18:39:01,gdansk,2016-12-19,51,Cargo,Gdańsk,1
54.44418,18.65297,0,85,311,GDANSK,MT,100,KAROLI,7,2764,14,5727,2016/12/19 18:41:02,gdansk,2016-12-19,51,Cargo,Gdańsk,1
54.44418,18.65292,0,319,309,GDANSK,MT,100,KAROLI,7,2764,14,5727,2016/12/19 18:43:02,gdansk,2016-12-19,51,Cargo,Gdańsk,1
54.44418,18.65292,0,319,309,GDANSK,MT,100,KAROLI,7,2764,14,5727,2016/12/19 18:45:01,gdansk,2016-12-19,51,Cargo,Gdańsk,1
54.44421,18.65291,0,328,308,GDANSK,MT,100,KAROLI,7,2764,14,5727,2016/12/19 18:47:02,gdansk,2016-12-19,51,Cargo,Gdańsk,1
54.44421,18.65291,0,328,308,GDANSK,MT,100,KAROLI,7,2764,14,5727,2016/12/19 18:49:02,gdansk,2016-12-19,51,Cargo,Gdańsk,1
54.44418,18.65294,0,135,310,GDANSK,MT,100,KAROLI,7,2764,14,5727,2016/12/19 18:51:02,gdansk,2016-12-19,51,Cargo,Gdańsk,1
54.44419,18.65299,1,92,310,GDANSK,MT,100,KAROLI,7,2764,14,5727,2016/12/19 18:53:01,gdansk,2016-12-19,51,Cargo,Gdańsk,1
54.44424,18.65291,0,322,307,GDANSK,MT,100,KAROLI,7,2764,14,5727,2016/12/19 18:55:02,gdansk,2016-12-19,51,Cargo,Gdańsk,1
54.44424,18.65291,0,322,307,GDANSK,MT,100,KAROLI,7,2764,14,5727,2016/12/19 18:57:01,gdansk,2016-12-19,51,Cargo,Gdańsk,1
54.44427,18.65287,0,289,305,GDANSK,MT,100,KAROLI,7,2764,14,5727,2016/12/19 18:59:02,gdansk,2016-12-19,51,Cargo,Gdańsk,1
54.44427,18.65287,0,289,305,GDANSK,MT,100,KAROLI,7,2764,14,5727,2016/12/19 19:01:01,gdansk,2016-12-19,51,Cargo,Gdańsk,1
54.44423,18.65291,0,131,305,GDANSK,MT,100,KAROLI,7,2764,14,5727,2016/12/19 19:03:01,gdansk,2016-12-19,51,Cargo,Gdańsk,1
54.44417,18.65297,0,158,309,GDANSK,MT,100,KAROLI,7,2764,14,5727,2016/12/19 19:05:02,gdansk,2016-12-19,51,Cargo,Gdańsk,1
54.44418,18.65291,0,304,312,GDANSK,MT,100,KAROLI,7,2764,14,5727,2016/12/19 19:07:02,gdansk,2016-12-19,51,Cargo,Gdańsk,1
54.44418,18.65291,0,304,312,GDANSK,MT,100,KAROLI,7,2764,14,5727,2016/12/19 19:09:01,gdansk,2016-12-19,51,Cargo,Gdańsk,1
54.44421,18.65288,0,64,313,GDANSK,MT,100,KAROLI,7,2764,14,5727,2016/12/19 19:11:02,gdansk,2016-12-19,51,Cargo,Gdańsk,1
54.44422,18.65298,1,97,308,GDANSK,MT,100,KAROLI,7,2764,14,5727,2016/12/19 19:13:01,gdansk,2016-12-19,51,Cargo,Gdańsk,1
54.44422,18.65298,1,97,308,GDANSK,MT,100,KAROLI,7,2764,14,5727,2016/12/19 19:15:02,gdansk,2016-12-19,51,Cargo,Gdańsk,1
54.44423,18.65307,1,72,301,GDANSK,MT,100,KAROLI,7,2764,14,5727,2016/12/19 19:17:01,gdansk,2016-12-19,51,Cargo,Gdańsk,1
54.44427,18.65297,0,298,301,GDANSK,MT,100,KAROLI,7,2764,14,5727,2016/12/19 19:19:02,gdansk,2016-12-19,51,Cargo,Gdańsk,1
54.44427,18.65297,0,298,301,GDANSK,MT,100,KAROLI,7,2764,14,5727,2016/12/19 19:21:02,gdansk,2016-12-19,51,Cargo,Gdańsk,1
54.44427,18.65297,0,298,301,GDANSK,MT,100,KAROLI,7,2764,14,5727,2016/12/19 19:23:01,gdansk,2016-12-19,51,Cargo,Gdańsk,1
54.44424,18.65301,2,152,302,GDANSK,MT,100,KAROLI,7,2764,14,5727,2016/12/19 19:25:02,gdansk,2016-12-19,51,Cargo,Gdańsk,1
54.44424,18.65301,2,152,302,GDANSK,MT,100,KAROLI,7,2764,14,5727,2016/12/19 19:27:02,gdansk,2016-12-19,51,Cargo,Gdańsk,1
54.44421,18.65308,0,153,303,GDANSK,MT,100,KAROLI,7,2764,14,5727,2016/12/19 19:29:02,gdansk,2016-12-19,51,Cargo,Gdańsk,1
54.44421,18.65308,0,153,303,GDANSK,MT,100,KAROLI,7,2764,14,5727,2016/12/19 19:31:01,gdansk,2016-12-19,51,Cargo,Gdańsk,1
54.44426,18.65298,0,298,306,GDANSK,MT,100,KAROLI,7,2764,14,5727,2016/12/19 19:33:02,gdansk,2016-12-19,51,Cargo,Gdańsk,1
54.44425,18.65297,2,268,305,GDANSK,MT,100,KAROLI,7,2764,14,5727,2016/12/19 19:35:01,gdansk,2016-12-19,51,Cargo,Gdańsk,1
54.44419,18.65298,2,160,303,GDANSK,MT,100,KAROLI,7,2764,14,5727,2016/12/19 19:37:02,gdansk,2016-12-19,51,Cargo,Gdańsk,1
54.44419,18.65298,2,160,303,GDANSK,MT,100,KAROLI,7,2764,14,5727,2016/12/19 19:39:01,gdansk,2016-12-19,51,Cargo,Gdańsk,1
54.44413,18.65289,2,209,309,GDANSK,MT,100,KAROLI,7,2764,14,5727,2016/12/19 19:41:02,gdansk,2016-12-19,51,Cargo,Gdańsk,1
54.44413,18.65289,2,209,309,GDANSK,MT,100,KAROLI,7,2764,14,5727,2016/12/19 19:43:01,gdansk,2016-12-19,51,Cargo,Gdańsk,1
54.4441,18.65284,0,258,316,GDANSK,MT,100,KAROLI,7,2764,14,5727,2016/12/19 19:45:01,gdansk,2016-12-19,51,Cargo,Gdańsk,1
54.44412,18.65289,2,8,315,GDANSK,MT,100,KAROLI,7,2764,14,5727,2016/12/19 19:47:02,gdansk,2016-12-19,51,Cargo,Gdańsk,1
54.44419,18.65301,0,56,308,GDANSK,MT,100,KAROLI,7,2764,14,5727,2016/12/19 19:49:02,gdansk,2016-12-19,51,Cargo,Gdańsk,1
54.44419,18.65301,0,56,308,GDANSK,MT,100,KAROLI,7,2764,14,5727,2016/12/19 19:51:02,gdansk,2016-12-19,51,Cargo,Gdańsk,1
54.44429,18.65307,1,2,299,GDANSK,MT,100,KAROLI,7,2764,14,5727,2016/12/19 19:53:02,gdansk,2016-12-19,51,Cargo,Gdańsk,1
54.44441,18.65319,2,40,294,GDANSK,MT,100,KAROLI,7,2764,14,5727,2016/12/19 19:55:02,gdansk,2016-12-19,51,Cargo,Gdańsk,1
54.44441,18.65319,2,40,294,GDANSK,MT,100,KAROLI,7,2764,14,5727,2016/12/19 19:57:02,gdansk,2016-12-19,51,Cargo,Gdańsk,1
54.44449,18.65327,1,1,288,GDANSK,MT,100,KAROLI,7,2764,14,5727,2016/12/19 19:59:10,gdansk,2016-12-19,51,Cargo,Gdańsk,1
54.44454,18.65325,0,346,284,GDANSK,MT,100,KAROLI,7,2764,14,5727,2016/12/19 20:01:01,gdansk,2016-12-19,51,Cargo,Gdańsk,1
54.44454,18.65325,0,346,284,GDANSK,MT,100,KAROLI,7,2764,14,5727,2016/12/19 20:03:02,gdansk,2016-12-19,51,Cargo,Gdańsk,1
54.44453,18.65329,0,133,282,GDANSK,MT,100,KAROLI,7,2764,14,5727,2016/12/19 20:05:02,gdansk,2016-12-19,51,Cargo,Gdańsk,1
54.44446,18.65325,0,225,289,GDANSK,MT,100,KAROLI,7,2764,14,5727,2016/12/19 20:07:02,gdansk,2016-12-19,51,Cargo,Gdańsk,1
54.44446,18.65325,0,225,289,GDANSK,MT,100,KAROLI,7,2764,14,5727,2016/12/19 20:09:01,gdansk,2016-12-19,51,Cargo,Gdańsk,1
54.44445,18.65322,0,201,295,GDANSK,MT,100,KAROLI,7,2764,14,5727,2016/12/19 20:11:01,gdansk,2016-12-19,51,Cargo,Gdańsk,1
54.44447,18.65325,2,21,292,GDANSK,MT,100,KAROLI,7,2764,14,5727,2016/12/19 20:13:02,gdansk,2016-12-19,51,Cargo,Gdańsk,1
54.44447,18.65325,2,21,292,GDANSK,MT,100,KAROLI,7,2764,14,5727,2016/12/19 20:15:02,gdansk,2016-12-19,51,Cargo,Gdańsk,1
54.44453,18.6533,1,44,286,GDANSK,MT,100,KAROLI,7,2764,14,5727,2016/12/19 20:17:02,gdansk,2016-12-19,51,Cargo,Gdańsk,1
54.44455,18.6533,0,285,284,GDANSK,MT,100,KAROLI,7,2764,14,5727,2016/12/19 20:19:02,gdansk,2016-12-19,51,Cargo,Gdańsk,1
54.44455,18.6533,0,285,284,GDANSK,MT,100,KAROLI,7,2764,14,5727,2016/12/19 20:21:10,gdansk,2016-12-19,51,Cargo,Gdańsk,1
54.44456,18.65333,0,115,286,GDANSK,MT,100,KAROLI,7,2764,14,5727,2016/12/19 20:23:02,gdansk,2016-12-19,51,Cargo,Gdańsk,1
54.44454,18.65323,0,262,287,GDANSK,MT,100,KAROLI,7,2764,14,5727,2016/12/19 20:25:10,gdansk,2016-12-19,51,Cargo,Gdańsk,1
54.44454,18.65323,0,262,287,GDANSK,MT,100,KAROLI,7,2764,14,5727,2016/12/19 20:27:02,gdansk,2016-12-19,51,Cargo,Gdańsk,1
54.44452,18.65333,0,111,290,GDANSK,MT,100,KAROLI,7,2764,14,5727,2016/12/19 20:29:02,gdansk,2016-12-19,51,Cargo,Gdańsk,1
54.44452,18.65333,0,111,290,GDANSK,MT,100,KAROLI,7,2764,14,5727,2016/12/19 20:31:01,gdansk,2016-12-19,51,Cargo,Gdańsk,1
54.44452,18.65326,0,273,288,GDANSK,MT,100,KAROLI,7,2764,14,5727,2016/12/19 20:33:02,gdansk,2016-12-19,51,Cargo,Gdańsk,1
54.4445,18.65331,0,136,289,GDANSK,MT,100,KAROLI,7,2764,14,5727,2016/12/19 20:35:02,gdansk,2016-12-19,51,Cargo,Gdańsk,1
54.44453,18.65323,0,299,290,GDANSK,MT,100,KAROLI,7,2764,14,5727,2016/12/19 20:37:01,gdansk,2016-12-19,51,Cargo,Gdańsk,1
54.44453,18.65323,0,299,290,GDANSK,MT,100,KAROLI,7,2764,14,5727,2016/12/19 20:39:02,gdansk,2016-12-19,51,Cargo,Gdańsk,1
54.44452,18.65326,0,110,289,GDANSK,MT,100,KAROLI,7,2764,14,5727,2016/12/19 20:41:02,gdansk,2016-12-19,51,Cargo,Gdańsk,1
54.44452,18.65328,0,143,289,GDANSK,MT,100,KAROLI,7,2764,14,5727,2016/12/19 20:43:02,gdansk,2016-12-19,51,Cargo,Gdańsk,1
54.44452,18.65328,0,143,289,GDANSK,MT,100,KAROLI,7,2764,14,5727,2016/12/19 20:45:02,gdansk,2016-12-19,51,Cargo,Gdańsk,1
54.44451,18.65327,0,227,291,GDANSK,MT,100,KAROLI,7,2764,14,5727,2016/12/19 20:47:09,gdansk,2016-12-19,51,Cargo,Gdańsk,1
54.44446,18.65322,1,200,294,GDANSK,MT,100,KAROLI,7,2764,14,5727,2016/12/19 20:49:02,gdansk,2016-12-19,51,Cargo,Gdańsk,1
54.44446,18.65322,1,200,294,GDANSK,MT,100,KAROLI,7,2764,14,5727,2016/12/19 20:51:01,gdansk,2016-12-19,51,Cargo,Gdańsk,1
54.44443,18.65322,1,243,294,GDANSK,MT,100,KAROLI,7,2764,14,5727,2016/12/19 20:53:02,gdansk,2016-12-19,51,Cargo,Gdańsk,1
54.44438,18.65316,0,196,295,GDANSK,MT,100,KAROLI,7,2764,14,5727,2016/12/19 20:55:02,gdansk,2016-12-19,51,Cargo,Gdańsk,1
54.44438,18.65316,0,196,295,GDANSK,MT,100,KAROLI,7,2764,14,5727,2016/12/19 20:57:02,gdansk,2016-12-19,51,Cargo,Gdańsk,1
54.44433,18.65314,0,238,301,GDANSK,MT,100,KAROLI,7,2764,14,5727,2016/12/19 20:59:01,gdansk,2016-12-19,51,Cargo,Gdańsk,1
54.44431,18.65299,0,259,304,GDANSK,MT,100,KAROLI,7,2764,14,5727,2016/12/19 21:01:02,gdansk,2016-12-19,51,Cargo,Gdańsk,1
54.44431,18.65299,0,259,304,GDANSK,MT,100,KAROLI,7,2764,14,5727,2016/12/19 21:03:02,gdansk,2016-12-19,51,Cargo,Gdańsk,1
54.44423,18.65304,0,143,308,GDANSK,MT,100,KAROLI,7,2764,14,5727,2016/12/19 21:05:02,gdansk,2016-12-19,51,Cargo,Gdańsk,1
54.44425,18.65302,0,343,303,GDANSK,MT,100,KAROLI,7,2764,14,5727,2016/12/19 21:07:02,gdansk,2016-12-19,51,Cargo,Gdańsk,1
54.44425,18.65302,0,343,303,GDANSK,MT,100,KAROLI,7,2764,14,5727,2016/12/19 21:09:02,gdansk,2016-12-19,51,Cargo,Gdańsk,1
54.44428,18.6531,0,156,301,GDANSK,MT,100,KAROLI,7,2764,14,5727,2016/12/19 21:11:01,gdansk,2016-12-19,51,Cargo,Gdańsk,1
54.44425,18.65306,0,317,306,GDANSK,MT,100,KAROLI,7,2764,14,5727,2016/12/19 21:13:01,gdansk,2016-12-19,51,Cargo,Gdańsk,1
54.44425,18.65306,0,317,306,GDANSK,MT,100,KAROLI,7,2764,14,5727,2016/12/19 21:15:02,gdansk,2016-12-19,51,Cargo,Gdańsk,1
54.44428,18.65311,1,64,303,GDANSK,MT,100,KAROLI,7,2764,14,5727,2016/12/19 21:17:01,gdansk,2016-12-19,51,Cargo,Gdańsk,1
54.44436,18.65313,1,347,295,GDANSK,MT,100,KAROLI,7,2764,14,5727,2016/12/19 21:19:02,gdansk,2016-12-19,51,Cargo,Gdańsk,1
54.44436,18.65313,1,347,295,GDANSK,MT,100,KAROLI,7,2764,14,5727,2016/12/19 21:21:02,gdansk,2016-12-19,51,Cargo,Gdańsk,1
54.44436,18.65311,0,310,293,GDANSK,MT,100,KAROLI,7,2764,14,5727,2016/12/19 21:23:01,gdansk,2016-12-19,51,Cargo,Gdańsk,1
54.44434,18.65318,0,147,297,GDANSK,MT,100,KAROLI,7,2764,14,5727,2016/12/19 21:25:02,gdansk,2016-12-19,51,Cargo,Gdańsk,1
54.44434,18.65318,0,147,297,GDANSK,MT,100,KAROLI,7,2764,14,5727,2016/12/19 21:27:02,gdansk,2016-12-19,51,Cargo,Gdańsk,1
54.44433,18.65311,1,284,302,GDANSK,MT,100,KAROLI,7,2764,14,5727,2016/12/19 21:29:01,gdansk,2016-12-19,51,Cargo,Gdańsk,1
54.44433,18.65305,1,359,304,GDANSK,MT,100,KAROLI,7,2764,14,5727,2016/12/19 21:31:01,gdansk,2016-12-19,51,Cargo,Gdańsk,1
54.44433,18.65305,1,359,304,GDANSK,MT,100,KAROLI,7,2764,14,5727,2016/12/19 21:33:02,gdansk,2016-12-19,51,Cargo,Gdańsk,1
54.44434,18.65316,1,45,300,GDANSK,MT,100,KAROLI,7,2764,14,5727,2016/12/19 21:35:02,gdansk,2016-12-19,51,Cargo,Gdańsk,1
54.44439,18.65315,0,52,294,GDANSK,MT,100,KAROLI,7,2764,14,5727,2016/12/19 21:37:02,gdansk,2016-12-19,51,Cargo,Gdańsk,1
54.44439,18.65315,0,52,294,GDANSK,MT,100,KAROLI,7,2764,14,5727,2016/12/19 21:39:01,gdansk,2016-12-19,51,Cargo,Gdańsk,1
54.44438,18.6532,0,170,294,GDANSK,MT,100,KAROLI,7,2764,14,5727,2016/12/19 21:41:01,gdansk,2016-12-19,51,Cargo,Gdańsk,1
54.44437,18.65311,1,272,299,GDANSK,MT,100,KAROLI,7,2764,14,5727,2016/12/19 21:43:02,gdansk,2016-12-19,51,Cargo,Gdańsk,1
54.44437,18.65311,1,272,299,GDANSK,MT,100,KAROLI,7,2764,14,5727,2016/12/19 21:45:02,gdansk,2016-12-19,51,Cargo,Gdańsk,1
54.44437,18.65311,1,272,299,GDANSK,MT,100,KAROLI,7,2764,14,5727,2016/12/19 21:47:01,gdansk,2016-12-19,51,Cargo,Gdańsk,1
54.44429,18.65311,0,182,300,GDANSK,MT,100,KAROLI,7,2764,14,5727,2016/12/19 21:49:10,gdansk,2016-12-19,51,Cargo,Gdańsk,1
54.44429,18.65311,0,182,300,GDANSK,MT,100,KAROLI,7,2764,14,5727,2016/12/19 21:51:02,gdansk,2016-12-19,51,Cargo,Gdańsk,1
54.44425,18.65302,0,257,303,GDANSK,MT,100,KAROLI,7,2764,14,5727,2016/12/19 21:53:02,gdansk,2016-12-19,51,Cargo,Gdańsk,1
54.4442,18.65301,0,176,308,GDANSK,MT,100,KAROLI,7,2764,14,5727,2016/12/19 21:55:02,gdansk,2016-12-19,51,Cargo,Gdańsk,1
54.4442,18.65301,0,176,308,GDANSK,MT,100,KAROLI,7,2764,14,5727,2016/12/19 21:57:02,gdansk,2016-12-19,51,Cargo,Gdańsk,1
54.44423,18.653,0,338,309,GDANSK,MT,100,KAROLI,7,2764,14,5727,2016/12/19 21:59:01,gdansk,2016-12-19,51,Cargo,Gdańsk,1
54.44425,18.65303,1,15,306,GDANSK,MT,100,KAROLI,7,2764,14,5727,2016/12/19 22:01:01,gdansk,2016-12-19,51,Cargo,Gdańsk,1
54.44425,18.65303,1,15,306,GDANSK,MT,100,KAROLI,7,2764,14,5727,2016/12/19 22:03:02,gdansk,2016-12-19,51,Cargo,Gdańsk,1
54.44429,18.65305,0,359,301,GDANSK,MT,100,KAROLI,7,2764,14,5727,2016/12/19 22:05:02,gdansk,2016-12-19,51,Cargo,Gdańsk,1
54.44431,18.65309,0,290,301,GDANSK,MT,100,KAROLI,7,2764,14,5727,2016/12/19 22:07:02,gdansk,2016-12-19,51,Cargo,Gdańsk,1
54.44431,18.65309,0,290,301,GDANSK,MT,100,KAROLI,7,2764,14,5727,2016/12/19 22:09:02,gdansk,2016-12-19,51,Cargo,Gdańsk,1
54.44429,18.65307,0,216,302,GDANSK,MT,100,KAROLI,7,2764,14,5727,2016/12/19 22:11:01,gdansk,2016-12-19,51,Cargo,Gdańsk,1
54.44425,18.65299,0,256,305,GDANSK,MT,100,KAROLI,7,2764,14,5727,2016/12/19 22:13:01,gdansk,2016-12-19,51,Cargo,Gdańsk,1
54.44425,18.65299,0,256,305,GDANSK,MT,100,KAROLI,7,2764,14,5727,2016/12/19 22:15:02,gdansk,2016-12-19,51,Cargo,Gdańsk,1
54.44424,18.65304,0,147,307,GDANSK,MT,100,KAROLI,7,2764,14,5727,2016/12/19 22:17:01,gdansk,2016-12-19,51,Cargo,Gdańsk,1
54.44423,18.65301,0,204,306,GDANSK,MT,100,KAROLI,7,2764,14,5727,2016/12/19 22:19:02,gdansk,2016-12-19,51,Cargo,Gdańsk,1
54.44423,18.65301,0,204,306,GDANSK,MT,100,KAROLI,7,2764,14,5727,2016/12/19 22:21:09,gdansk,2016-12-19,51,Cargo,Gdańsk,1
54.44424,18.65298,0,328,307,GDANSK,MT,100,KAROLI,7,2764,14,5727,2016/12/19 22:23:02,gdansk,2016-12-19,51,Cargo,Gdańsk,1
54.44421,18.653,0,126,309,GDANSK,MT,100,KAROLI,7,2764,14,5727,2016/12/19 22:25:02,gdansk,2016-12-19,51,Cargo,Gdańsk,1
54.44421,18.653,0,126,309,GDANSK,MT,100,KAROLI,7,2764,14,5727,2016/12/19 22:27:02,gdansk,2016-12-19,51,Cargo,Gdańsk,1
54.44426,18.65299,0,330,305,GDANSK,MT,100,KAROLI,7,2764,14,5727,2016/12/19 22:29:01,gdansk,2016-12-19,51,Cargo,Gdańsk,1
54.4443,18.65307,0,78,300,GDANSK,MT,100,KAROLI,7,2764,14,5727,2016/12/19 22:31:01,gdansk,2016-12-19,51,Cargo,Gdańsk,1
54.4443,18.65307,0,78,300,GDANSK,MT,100,KAROLI,7,2764,14,5727,2016/12/19 22:33:02,gdansk,2016-12-19,51,Cargo,Gdańsk,1
54.4443,18.6531,0,142,300,GDANSK,MT,100,KAROLI,7,2764,14,5727,2016/12/19 22:35:01,gdansk,2016-12-19,51,Cargo,Gdańsk,1
54.4443,18.65303,0,284,304,GDANSK,MT,100,KAROLI,7,2764,14,5727,2016/12/19 22:37:01,gdansk,2016-12-19,51,Cargo,Gdańsk,1
54.4443,18.65303,0,284,304,GDANSK,MT,100,KAROLI,7,2764,14,5727,2016/12/19 22:39:02,gdansk,2016-12-19,51,Cargo,Gdańsk,1
54.4443,18.65309,0,51,303,GDANSK,MT,100,KAROLI,7,2764,14,5727,2016/12/19 22:41:02,gdansk,2016-12-19,51,Cargo,Gdańsk,1
54.44437,18.65316,1,11,297,GDANSK,MT,100,KAROLI,7,2764,14,5727,2016/12/19 22:43:02,gdansk,2016-12-19,51,Cargo,Gdańsk,1
54.44437,18.65316,1,11,297,GDANSK,MT,100,KAROLI,7,2764,14,5727,2016/12/19 22:45:01,gdansk,2016-12-19,51,Cargo,Gdańsk,1
54.4444,18.65315,0,45,294,GDANSK,MT,100,KAROLI,7,2764,14,5727,2016/12/19 22:47:02,gdansk,2016-12-19,51,Cargo,Gdańsk,1
54.44437,18.6532,0,136,294,GDANSK,MT,100,KAROLI,7,2764,14,5727,2016/12/19 22:49:02,gdansk,2016-12-19,51,Cargo,Gdańsk,1
54.44437,18.6532,0,136,294,GDANSK,MT,100,KAROLI,7,2764,14,5727,2016/12/19 22:51:02,gdansk,2016-12-19,51,Cargo,Gdańsk,1
54.44436,18.65314,0,258,298,GDANSK,MT,100,KAROLI,7,2764,14,5727,2016/12/19 22:53:02,gdansk,2016-12-19,51,Cargo,Gdańsk,1
54.44435,18.65309,0,196,301,GDANSK,MT,100,KAROLI,7,2764,14,5727,2016/12/19 22:55:02,gdansk,2016-12-19,51,Cargo,Gdańsk,1
54.44435,18.65309,0,196,301,GDANSK,MT,100,KAROLI,7,2764,14,5727,2016/12/19 22:57:01,gdansk,2016-12-19,51,Cargo,Gdańsk,1
54.44427,18.65313,0,215,300,GDANSK,MT,100,KAROLI,7,2764,14,5727,2016/12/19 22:59:01,gdansk,2016-12-19,51,Cargo,Gdańsk,1
54.44427,18.65298,0,248,303,GDANSK,MT,100,KAROLI,7,2764,14,5727,2016/12/19 23:01:02,gdansk,2016-12-19,51,Cargo,Gdańsk,1
54.44427,18.65298,0,248,303,GDANSK,MT,100,KAROLI,7,2764,14,5727,2016/12/19 23:03:01,gdansk,2016-12-19,51,Cargo,Gdańsk,1
54.44418,18.65298,2,168,309,GDANSK,MT,100,KAROLI,7,2764,14,5727,2016/12/19 23:05:02,gdansk,2016-12-19,51,Cargo,Gdańsk,1
54.44418,18.65292,1,299,310,GDANSK,MT,100,KAROLI,7,2764,14,5727,2016/12/19 23:07:01,gdansk,2016-12-19,51,Cargo,Gdańsk,1
54.44418,18.65292,1,299,310,GDANSK,MT,100,KAROLI,7,2764,14,5727,2016/12/19 23:09:01,gdansk,2016-12-19,51,Cargo,Gdańsk,1
54.44418,18.6529,0,150,310,GDANSK,MT,100,KAROLI,7,2764,14,5727,2016/12/19 23:11:02,gdansk,2016-12-19,51,Cargo,Gdańsk,1
54.44416,18.65298,0,357,309,GDANSK,MT,100,KAROLI,7,2764,14,5727,2016/12/19 23:13:02,gdansk,2016-12-19,51,Cargo,Gdańsk,1
54.44416,18.65298,0,357,309,GDANSK,MT,100,KAROLI,7,2764,14,5727,2016/12/19 23:15:02,gdansk,2016-12-19,51,Cargo,Gdańsk,1
54.44416,18.65298,0,357,309,GDANSK,MT,100,KAROLI,7,2764,14,5727,2016/12/19 23:17:02,gdansk,2016-12-19,51,Cargo,Gdańsk,1
54.44422,18.65308,0,109,304,GDANSK,MT,100,KAROLI,7,2764,14,5727,2016/12/19 23:19:11,gdansk,2016-12-19,51,Cargo,Gdańsk,1
54.44422,18.65308,0,109,304,GDANSK,MT,100,KAROLI,7,2764,14,5727,2016/12/19 23:21:02,gdansk,2016-12-19,51,Cargo,Gdańsk,1
54.44425,18.653,0,301,307,GDANSK,MT,100,KAROLI,7,2764,14,5727,2016/12/19 23:23:02,gdansk,2016-12-19,51,Cargo,Gdańsk,1
54.44422,18.65306,0,83,307,GDANSK,MT,100,KAROLI,7,2764,14,5727,2016/12/19 23:25:02,gdansk,2016-12-19,51,Cargo,Gdańsk,1
54.44422,18.65306,0,83,307,GDANSK,MT,100,KAROLI,7,2764,14,5727,2016/12/19 23:27:02,gdansk,2016-12-19,51,Cargo,Gdańsk,1
54.44426,18.65306,0,344,300,GDANSK,MT,100,KAROLI,7,2764,14,5727,2016/12/19 23:29:02,gdansk,2016-12-19,51,Cargo,Gdańsk,1
54.44427,18.65311,1,54,299,GDANSK,MT,100,KAROLI,7,2764,14,5727,2016/12/19 23:31:02,gdansk,2016-12-19,51,Cargo,Gdańsk,1
54.44427,18.65311,1,54,299,GDANSK,MT,100,KAROLI,7,2764,14,5727,2016/12/19 23:33:02,gdansk,2016-12-19,51,Cargo,Gdańsk,1
54.44427,18.65309,0,242,304,GDANSK,MT,100,KAROLI,7,2764,14,5727,2016/12/19 23:35:02,gdansk,2016-12-19,51,Cargo,Gdańsk,1
54.44426,18.6531,1,20,305,GDANSK,MT,100,KAROLI,7,2764,14,5727,2016/12/19 23:37:01,gdansk,2016-12-19,51,Cargo,Gdańsk,1
54.44426,18.6531,1,20,305,GDANSK,MT,100,KAROLI,7,2764,14,5727,2016/12/19 23:39:02,gdansk,2016-12-19,51,Cargo,Gdańsk,1
54.44429,18.65313,0,49,298,GDANSK,MT,100,KAROLI,7,2764,14,5727,2016/12/19 23:41:02,gdansk,2016-12-19,51,Cargo,Gdańsk,1
54.44428,18.6531,1,239,300,GDANSK,MT,100,KAROLI,7,2764,14,5727,2016/12/19 23:43:02,gdansk,2016-12-19,51,Cargo,Gdańsk,1
54.44428,18.6531,1,239,300,GDANSK,MT,100,KAROLI,7,2764,14,5727,2016/12/19 23:45:02,gdansk,2016-12-19,51,Cargo,Gdańsk,1
54.44421,18.6531,0,151,305,GDANSK,MT,100,KAROLI,7,2764,14,5727,2016/12/19 23:47:01,gdansk,2016-12-19,51,Cargo,Gdańsk,1
54.44419,18.65302,1,275,306,GDANSK,MT,100,KAROLI,7,2764,14,5727,2016/12/19 23:49:02,gdansk,2016-12-19,51,Cargo,Gdańsk,1
54.44419,18.65302,1,275,306,GDANSK,MT,100,KAROLI,7,2764,14,5727,2016/12/19 23:51:02,gdansk,2016-12-19,51,Cargo,Gdańsk,1
54.44416,18.65301,1,139,307,GDANSK,MT,100,KAROLI,7,2764,14,5727,2016/12/19 23:53:02,gdansk,2016-12-19,51,Cargo,Gdańsk,1
54.44413,18.65295,0,276,310,GDANSK,MT,100,KAROLI,7,2764,14,5727,2016/12/19 23:55:02,gdansk,2016-12-19,51,Cargo,Gdańsk,1
54.44413,18.65295,0,276,310,GDANSK,MT,100,KAROLI,7,2764,14,5727,2016/12/19 23:57:02,gdansk,2016-12-19,51,Cargo,Gdańsk,1
54.44417,18.65293,1,300,312,GDANSK,MT,100,KAROLI,7,2764,14,5727,2016/12/19 23:59:02,gdansk,2016-12-19,51,Cargo,Gdańsk,1
54.44417,18.65293,1,300,312,GDANSK,MT,100,KAROLI,7,2764,14,5727,2016/12/20 00:01:01,gdansk,2016-12-20,51,Cargo,Gdańsk,1
54.44419,18.65302,0,350,306,GDANSK,MT,100,KAROLI,7,2764,14,5727,2016/12/20 00:03:02,gdansk,2016-12-20,51,Cargo,Gdańsk,1
54.44422,18.65303,0,64,303,GDANSK,MT,100,KAROLI,7,2764,14,5727,2016/12/20 00:05:02,gdansk,2016-12-20,51,Cargo,Gdańsk,1
54.44422,18.65303,0,64,303,GDANSK,MT,100,KAROLI,7,2764,14,5727,2016/12/20 00:07:01,gdansk,2016-12-20,51,Cargo,Gdańsk,1
54.44425,18.65308,1,323,305,GDANSK,MT,100,KAROLI,7,2764,14,5727,2016/12/20 00:09:02,gdansk,2016-12-20,51,Cargo,Gdańsk,1
54.44427,18.65306,0,29,305,GDANSK,MT,100,KAROLI,7,2764,14,5727,2016/12/20 00:11:01,gdansk,2016-12-20,51,Cargo,Gdańsk,1
54.44427,18.65313,0,89,303,GDANSK,MT,100,KAROLI,7,2764,14,5727,2016/12/20 00:13:01,gdansk,2016-12-20,51,Cargo,Gdańsk,1
54.44427,18.65313,0,89,303,GDANSK,MT,100,KAROLI,7,2764,14,5727,2016/12/20 00:15:02,gdansk,2016-12-20,51,Cargo,Gdańsk,1
54.44427,18.65314,0,272,301,GDANSK,MT,100,KAROLI,7,2764,14,5727,2016/12/20 00:17:02,gdansk,2016-12-20,51,Cargo,Gdańsk,1
54.44422,18.65308,1,205,304,GDANSK,MT,100,KAROLI,7,2764,14,5727,2016/12/20 00:19:01,gdansk,2016-12-20,51,Cargo,Gdańsk,1
54.44422,18.65308,1,205,304,GDANSK,MT,100,KAROLI,7,2764,14,5727,2016/12/20 00:21:01,gdansk,2016-12-20,51,Cargo,Gdańsk,1
54.44423,18.65309,0,276,308,GDANSK,MT,100,KAROLI,7,2764,14,5727,2016/12/20 00:23:02,gdansk,2016-12-20,51,Cargo,Gdańsk,1
54.44423,18.65309,0,276,308,GDANSK,MT,100,KAROLI,7,2764,14,5727,2016/12/20 00:25:01,gdansk,2016-12-20,51,Cargo,Gdańsk,1
54.44421,18.6531,0,100,306,GDANSK,MT,100,KAROLI,7,2764,14,5727,2016/12/20 00:27:02,gdansk,2016-12-20,51,Cargo,Gdańsk,1
54.44423,18.65307,0,340,302,GDANSK,MT,100,KAROLI,7,2764,14,5727,2016/12/20 00:29:02,gdansk,2016-12-20,51,Cargo,Gdańsk,1
54.44425,18.65306,0,270,302,GDANSK,MT,100,KAROLI,7,2764,14,5727,2016/12/20 00:31:02,gdansk,2016-12-20,51,Cargo,Gdańsk,1
54.44425,18.65306,0,270,302,GDANSK,MT,100,KAROLI,7,2764,14,5727,2016/12/20 00:33:02,gdansk,2016-12-20,51,Cargo,Gdańsk,1
54.44423,18.65304,0,160,304,GDANSK,MT,100,KAROLI,7,2764,14,5727,2016/12/20 00:35:02,gdansk,2016-12-20,51,Cargo,Gdańsk,1
54.4442,18.65301,0,216,307,GDANSK,MT,100,KAROLI,7,2764,14,5727,2016/12/20 00:37:02,gdansk,2016-12-20,51,Cargo,Gdańsk,1
54.4442,18.65301,0,216,307,GDANSK,MT,100,KAROLI,7,2764,14,5727,2016/12/20 00:39:02,gdansk,2016-12-20,51,Cargo,Gdańsk,1
54.4442,18.65301,0,216,307,GDANSK,MT,100,KAROLI,7,2764,14,5727,2016/12/20 00:41:01,gdansk,2016-12-20,51,Cargo,Gdańsk,1
54.44411,18.65288,1,179,315,GDANSK,MT,100,KAROLI,7,2764,14,5727,2016/12/20 00:43:02,gdansk,2016-12-20,51,Cargo,Gdańsk,1
54.44411,18.65288,1,179,315,GDANSK,MT,100,KAROLI,7,2764,14,5727,2016/12/20 00:45:02,gdansk,2016-12-20,51,Cargo,Gdańsk,1
54.44409,18.65285,1,146,316,GDANSK,MT,100,KAROLI,7,2764,14,5727,2016/12/20 00:47:02,gdansk,2016-12-20,51,Cargo,Gdańsk,1
54.4441,18.65282,0,316,316,GDANSK,MT,100,KAROLI,7,2764,14,5727,2016/12/20 00:49:01,gdansk,2016-12-20,51,Cargo,Gdańsk,1
54.4441,18.65282,0,316,316,GDANSK,MT,100,KAROLI,7,2764,14,5727,2016/12/20 00:51:02,gdansk,2016-12-20,51,Cargo,Gdańsk,1
54.4441,18.6529,0,110,315,GDANSK,MT,100,KAROLI,7,2764,14,5727,2016/12/20 00:53:02,gdansk,2016-12-20,51,Cargo,Gdańsk,1
54.44414,18.65293,1,350,312,GDANSK,MT,100,KAROLI,7,2764,14,5727,2016/12/20 00:55:01,gdansk,2016-12-20,51,Cargo,Gdańsk,1
54.44414,18.65293,1,350,312,GDANSK,MT,100,KAROLI,7,2764,14,5727,2016/12/20 00:57:02,gdansk,2016-12-20,51,Cargo,Gdańsk,1
54.44413,18.65293,0,110,311,GDANSK,MT,100,KAROLI,7,2764,14,5727,2016/12/20 00:59:02,gdansk,2016-12-20,51,Cargo,Gdańsk,1
54.44413,18.65293,0,110,311,GDANSK,MT,100,KAROLI,7,2764,14,5727,2016/12/20 01:01:02,gdansk,2016-12-20,51,Cargo,Gdańsk,1
54.44415,18.65295,0,139,311,GDANSK,MT,100,KAROLI,7,2764,14,5727,2016/12/20 01:03:02,gdansk,2016-12-20,51,Cargo,Gdańsk,1
54.44415,18.65283,0,268,311,GDANSK,MT,100,KAROLI,7,2764,14,5727,2016/12/20 01:05:02,gdansk,2016-12-20,51,Cargo,Gdańsk,1
54.44411,18.65281,0,226,314,GDANSK,MT,100,KAROLI,7,2764,14,5727,2016/12/20 01:07:02,gdansk,2016-12-20,51,Cargo,Gdańsk,1
54.44411,18.65281,0,226,314,GDANSK,MT,100,KAROLI,7,2764,14,5727,2016/12/20 01:09:01,gdansk,2016-12-20,51,Cargo,Gdańsk,1
54.44404,18.65276,0,182,319,GDANSK,MT,100,KAROLI,7,2764,14,5727,2016/12/20 01:11:01,gdansk,2016-12-20,51,Cargo,Gdańsk,1
54.44401,18.65269,0,248,322,GDANSK,MT,100,KAROLI,7,2764,14,5727,2016/12/20 01:13:10,gdansk,2016-12-20,51,Cargo,Gdańsk,1
54.44401,18.65269,0,248,322,GDANSK,MT,100,KAROLI,7,2764,14,5727,2016/12/20 01:15:02,gdansk,2016-12-20,51,Cargo,Gdańsk,1
54.44401,18.65264,0,287,323,GDANSK,MT,100,KAROLI,7,2764,14,5727,2016/12/20 01:17:02,gdansk,2016-12-20,51,Cargo,Gdańsk,1
54.44401,18.65264,0,287,323,GDANSK,MT,100,KAROLI,7,2764,14,5727,2016/12/20 01:19:02,gdansk,2016-12-20,51,Cargo,Gdańsk,1
54.44399,18.65261,0,315,325,GDANSK,MT,100,KAROLI,7,2764,14,5727,2016/12/20 01:21:03,gdansk,2016-12-20,51,Cargo,Gdańsk,1
54.44396,18.6526,1,308,327,GDANSK,MT,100,KAROLI,7,2764,14,5727,2016/12/20 01:23:01,gdansk,2016-12-20,51,Cargo,Gdańsk,1
54.44398,18.65259,0,332,326,GDANSK,MT,100,KAROLI,7,2764,14,5727,2016/12/20 01:25:02,gdansk,2016-12-20,51,Cargo,Gdańsk,1
54.44398,18.65259,0,332,326,GDANSK,MT,100,KAROLI,7,2764,14,5727,2016/12/20 01:27:02,gdansk,2016-12-20,51,Cargo,Gdańsk,1
54.44399,18.65259,0,337,324,GDANSK,MT,100,KAROLI,7,2764,14,5727,2016/12/20 01:29:02,gdansk,2016-12-20,51,Cargo,Gdańsk,1
54.44399,18.65262,0,351,324,GDANSK,MT,100,KAROLI,7,2764,14,5727,2016/12/20 01:33:02,gdansk,2016-12-20,51,Cargo,Gdańsk,1
54.44399,18.65267,1,126,324,GDANSK,MT,100,KAROLI,7,2764,14,5727,2016/12/20 01:35:02,gdansk,2016-12-20,51,Cargo,Gdańsk,1
54.44399,18.65267,1,126,324,GDANSK,MT,100,KAROLI,7,2764,14,5727,2016/12/20 01:37:02,gdansk,2016-12-20,51,Cargo,Gdańsk,1
54.44403,18.65267,0,347,322,GDANSK,MT,100,KAROLI,7,2764,14,5727,2016/12/20 01:39:01,gdansk,2016-12-20,51,Cargo,Gdańsk,1
54.44404,18.65267,0,319,321,GDANSK,MT,100,KAROLI,7,2764,14,5727,2016/12/20 01:41:01,gdansk,2016-12-20,51,Cargo,Gdańsk,1
54.44401,18.65272,0,122,321,GDANSK,MT,100,KAROLI,7,2764,14,5727,2016/12/20 01:43:01,gdansk,2016-12-20,51,Cargo,Gdańsk,1
54.44401,18.65272,0,122,321,GDANSK,MT,100,KAROLI,7,2764,14,5727,2016/12/20 01:45:02,gdansk,2016-12-20,51,Cargo,Gdańsk,1
54.44407,18.65278,1,351,315,GDANSK,MT,100,KAROLI,7,2764,14,5727,2016/12/20 01:47:02,gdansk,2016-12-20,51,Cargo,Gdańsk,1
54.44411,18.65279,0,351,312,GDANSK,MT,100,KAROLI,7,2764,14,5727,2016/12/20 01:49:02,gdansk,2016-12-20,51,Cargo,Gdańsk,1
54.44411,18.65279,0,351,312,GDANSK,MT,100,KAROLI,7,2764,14,5727,2016/12/20 01:51:02,gdansk,2016-12-20,51,Cargo,Gdańsk,1
54.44409,18.65288,0,128,313,GDANSK,MT,100,KAROLI,7,2764,14,5727,2016/12/20 01:53:02,gdansk,2016-12-20,51,Cargo,Gdańsk,1
54.44411,18.65282,0,306,314,GDANSK,MT,100,KAROLI,7,2764,14,5727,2016/12/20 01:55:01,gdansk,2016-12-20,51,Cargo,Gdańsk,1
54.44411,18.65282,0,306,314,GDANSK,MT,100,KAROLI,7,2764,14,5727,2016/12/20 01:57:02,gdansk,2016-12-20,51,Cargo,Gdańsk,1
54.44411,18.65285,0,56,315,GDANSK,MT,100,KAROLI,7,2764,14,5727,2016/12/20 01:59:02,gdansk,2016-12-20,51,Cargo,Gdańsk,1
54.44411,18.65291,0,22,312,GDANSK,MT,100,KAROLI,7,2764,14,5727,2016/12/20 02:01:02,gdansk,2016-12-20,51,Cargo,Gdańsk,1
54.44411,18.65291,0,22,312,GDANSK,MT,100,KAROLI,7,2764,14,5727,2016/12/20 02:03:01,gdansk,2016-12-20,51,Cargo,Gdańsk,1
54.44415,18.65287,1,313,308,GDANSK,MT,100,KAROLI,7,2764,14,5727,2016/12/20 02:05:02,gdansk,2016-12-20,51,Cargo,Gdańsk,1
54.44413,18.65298,1,110,310,GDANSK,MT,100,KAROLI,7,2764,14,5727,2016/12/20 02:07:02,gdansk,2016-12-20,51,Cargo,Gdańsk,1
54.44413,18.65298,1,110,310,GDANSK,MT,100,KAROLI,7,2764,14,5727,2016/12/20 02:09:01,gdansk,2016-12-20,51,Cargo,Gdańsk,1
54.44418,18.65293,1,329,311,GDANSK,MT,100,KAROLI,7,2764,14,5727,2016/12/20 02:11:01,gdansk,2016-12-20,51,Cargo,Gdańsk,1
54.44419,18.65295,0,93,310,GDANSK,MT,100,KAROLI,7,2764,14,5727,2016/12/20 02:13:02,gdansk,2016-12-20,51,Cargo,Gdańsk,1
54.44419,18.65295,0,93,310,GDANSK,MT,100,KAROLI,7,2764,14,5727,2016/12/20 02:15:02,gdansk,2016-12-20,51,Cargo,Gdańsk,1
54.4442,18.65307,1,28,304,GDANSK,MT,100,KAROLI,7,2764,14,5727,2016/12/20 02:17:02,gdansk,2016-12-20,51,Cargo,Gdańsk,1
54.44424,18.65305,0,299,298,GDANSK,MT,100,KAROLI,7,2764,14,5727,2016/12/20 02:19:02,gdansk,2016-12-20,51,Cargo,Gdańsk,1
54.44424,18.65305,0,299,298,GDANSK,MT,100,KAROLI,7,2764,14,5727,2016/12/20 02:21:02,gdansk,2016-12-20,51,Cargo,Gdańsk,1
54.44419,18.6531,0,150,301,GDANSK,MT,100,KAROLI,7,2764,14,5727,2016/12/20 02:23:02,gdansk,2016-12-20,51,Cargo,Gdańsk,1
54.44419,18.65297,1,273,310,GDANSK,MT,100,KAROLI,7,2764,14,5727,2016/12/20 02:25:02,gdansk,2016-12-20,51,Cargo,Gdańsk,1
54.44419,18.65297,1,273,310,GDANSK,MT,100,KAROLI,7,2764,14,5727,2016/12/20 02:27:02,gdansk,2016-12-20,51,Cargo,Gdańsk,1
54.44419,18.65296,0,151,314,GDANSK,MT,100,KAROLI,7,2764,14,5727,2016/12/20 02:29:02,gdansk,2016-12-20,51,Cargo,Gdańsk,1
54.44422,18.65308,0,33,305,GDANSK,MT,100,KAROLI,7,2764,14,5727,2016/12/20 02:31:02,gdansk,2016-12-20,51,Cargo,Gdańsk,1
54.44422,18.65308,0,33,305,GDANSK,MT,100,KAROLI,7,2764,14,5727,2016/12/20 02:33:02,gdansk,2016-12-20,51,Cargo,Gdańsk,1
54.44422,18.65308,0,33,305,GDANSK,MT,100,KAROLI,7,2764,14,5727,2016/12/20 02:35:01,gdansk,2016-12-20,51,Cargo,Gdańsk,1
54.44423,18.65307,0,183,301,GDANSK,MT,100,KAROLI,7,2764,14,5727,2016/12/20 02:37:02,gdansk,2016-12-20,51,Cargo,Gdańsk,1
54.44423,18.65307,0,183,301,GDANSK,MT,100,KAROLI,7,2764,14,5727,2016/12/20 02:39:02,gdansk,2016-12-20,51,Cargo,Gdańsk,1
54.44419,18.65302,0,255,308,GDANSK,MT,100,KAROLI,7,2764,14,5727,2016/12/20 02:41:03,gdansk,2016-12-20,51,Cargo,Gdańsk,1
54.44421,18.65301,0,348,308,GDANSK,MT,100,KAROLI,7,2764,14,5727,2016/12/20 02:43:02,gdansk,2016-12-20,51,Cargo,Gdańsk,1
54.44421,18.65301,0,348,308,GDANSK,MT,100,KAROLI,7,2764,14,5727,2016/12/20 02:45:02,gdansk,2016-12-20,51,Cargo,Gdańsk,1
54.44421,18.65301,0,348,308,GDANSK,MT,100,KAROLI,7,2764,14,5727,2016/12/20 02:47:01,gdansk,2016-12-20,51,Cargo,Gdańsk,1
54.44416,18.65299,0,258,306,GDANSK,MT,100,KAROLI,7,2764,14,5727,2016/12/20 02:49:02,gdansk,2016-12-20,51,Cargo,Gdańsk,1
54.44416,18.65299,0,258,306,GDANSK,MT,100,KAROLI,7,2764,14,5727,2016/12/20 02:51:10,gdansk,2016-12-20,51,Cargo,Gdańsk,1
54.44413,18.65288,0,226,311,GDANSK,MT,100,KAROLI,7,2764,14,5727,2016/12/20 02:53:02,gdansk,2016-12-20,51,Cargo,Gdańsk,1
54.44407,18.65287,0,173,314,GDANSK,MT,100,KAROLI,7,2764,14,5727,2016/12/20 02:55:02,gdansk,2016-12-20,51,Cargo,Gdańsk,1
54.44407,18.65287,0,173,314,GDANSK,MT,100,KAROLI,7,2764,14,5727,2016/12/20 02:57:02,gdansk,2016-12-20,51,Cargo,Gdańsk,1
54.44409,18.65286,0,311,314,GDANSK,MT,100,KAROLI,7,2764,14,5727,2016/12/20 02:59:02,gdansk,2016-12-20,51,Cargo,Gdańsk,1
54.44408,18.65286,0,284,314,GDANSK,MT,100,KAROLI,7,2764,14,5727,2016/12/20 03:01:10,gdansk,2016-12-20,51,Cargo,Gdańsk,1
54.44408,18.65286,0,284,314,GDANSK,MT,100,KAROLI,7,2764,14,5727,2016/12/20 03:03:01,gdansk,2016-12-20,51,Cargo,Gdańsk,1
54.44411,18.65291,0,19,314,GDANSK,MT,100,KAROLI,7,2764,14,5727,2016/12/20 03:05:01,gdansk,2016-12-20,51,Cargo,Gdańsk,1
54.44416,18.65286,0,328,312,GDANSK,MT,100,KAROLI,7,2764,14,5727,2016/12/20 03:07:02,gdansk,2016-12-20,51,Cargo,Gdańsk,1
54.44416,18.65286,0,328,312,GDANSK,MT,100,KAROLI,7,2764,14,5727,2016/12/20 03:09:02,gdansk,2016-12-20,51,Cargo,Gdańsk,1
54.44416,18.65286,0,328,312,GDANSK,MT,100,KAROLI,7,2764,14,5727,2016/12/20 03:11:01,gdansk,2016-12-20,51,Cargo,Gdańsk,1
54.44411,18.65294,0,131,311,GDANSK,MT,100,KAROLI,7,2764,14,5727,2016/12/20 03:13:01,gdansk,2016-12-20,51,Cargo,Gdańsk,1
54.44411,18.65294,0,131,311,GDANSK,MT,100,KAROLI,7,2764,14,5727,2016/12/20 03:15:01,gdansk,2016-12-20,51,Cargo,Gdańsk,1
54.44412,18.65283,0,285,312,GDANSK,MT,100,KAROLI,7,2764,14,5727,2016/12/20 03:17:01,gdansk,2016-12-20,51,Cargo,Gdańsk,1
54.44412,18.65277,1,272,314,GDANSK,MT,100,KAROLI,7,2764,14,5727,2016/12/20 03:19:02,gdansk,2016-12-20,51,Cargo,Gdańsk,1
54.44412,18.65277,1,272,314,GDANSK,MT,100,KAROLI,7,2764,14,5727,2016/12/20 03:21:02,gdansk,2016-12-20,51,Cargo,Gdańsk,1
54.44407,18.65275,0,159,317,GDANSK,MT,100,KAROLI,7,2764,14,5727,2016/12/20 03:23:02,gdansk,2016-12-20,51,Cargo,Gdańsk,1
54.44404,18.65277,1,160,317,GDANSK,MT,100,KAROLI,7,2764,14,5727,2016/12/20 03:25:01,gdansk,2016-12-20,51,Cargo,Gdańsk,1
54.44404,18.65277,1,160,317,GDANSK,MT,100,KAROLI,7,2764,14,5727,2016/12/20 03:27:02,gdansk,2016-12-20,51,Cargo,Gdańsk,1
54.44406,18.65273,0,305,318,GDANSK,MT,100,KAROLI,7,2764,14,5727,2016/12/20 03:29:02,gdansk,2016-12-20,51,Cargo,Gdańsk,1
54.44407,18.65268,0,307,320,GDANSK,MT,100,KAROLI,7,2764,14,5727,2016/12/20 03:31:02,gdansk,2016-12-20,51,Cargo,Gdańsk,1
54.44407,18.65268,0,307,320,GDANSK,MT,100,KAROLI,7,2764,14,5727,2016/12/20 03:33:02,gdansk,2016-12-20,51,Cargo,Gdańsk,1
54.44407,18.65268,0,307,320,GDANSK,MT,100,KAROLI,7,2764,14,5727,2016/12/20 03:35:01,gdansk,2016-12-20,51,Cargo,Gdańsk,1
54.44405,18.65272,0,131,319,GDANSK,MT,100,KAROLI,7,2764,14,5727,2016/12/20 03:37:01,gdansk,2016-12-20,51,Cargo,Gdańsk,1
54.44405,18.65272,0,131,319,GDANSK,MT,100,KAROLI,7,2764,14,5727,2016/12/20 03:39:02,gdansk,2016-12-20,51,Cargo,Gdańsk,1
54.44404,18.65281,0,107,316,GDANSK,MT,100,KAROLI,7,2764,14,5727,2016/12/20 03:41:02,gdansk,2016-12-20,51,Cargo,Gdańsk,1
54.44408,18.6528,0,324,314,GDANSK,MT,100,KAROLI,7,2764,14,5727,2016/12/20 03:43:01,gdansk,2016-12-20,51,Cargo,Gdańsk,1
54.44408,18.6528,0,324,314,GDANSK,MT,100,KAROLI,7,2764,14,5727,2016/12/20 03:45:01,gdansk,2016-12-20,51,Cargo,Gdańsk,1
54.4441,18.65278,0,20,313,GDANSK,MT,100,KAROLI,7,2764,14,5727,2016/12/20 03:47:02,gdansk,2016-12-20,51,Cargo,Gdańsk,1
54.44409,18.65286,1,129,312,GDANSK,MT,100,KAROLI,7,2764,14,5727,2016/12/20 03:49:02,gdansk,2016-12-20,51,Cargo,Gdańsk,1
54.44409,18.65286,1,129,312,GDANSK,MT,100,KAROLI,7,2764,14,5727,2016/12/20 03:51:02,gdansk,2016-12-20,51,Cargo,Gdańsk,1
54.44411,18.65285,0,284,313,GDANSK,MT,100,KAROLI,7,2764,14,5727,2016/12/20 03:53:02,gdansk,2016-12-20,51,Cargo,Gdańsk,1
54.44412,18.65279,0,327,315,GDANSK,MT,100,KAROLI,7,2764,14,5727,2016/12/20 03:55:01,gdansk,2016-12-20,51,Cargo,Gdańsk,1
54.44412,18.65279,0,327,315,GDANSK,MT,100,KAROLI,7,2764,14,5727,2016/12/20 03:57:02,gdansk,2016-12-20,51,Cargo,Gdańsk,1
54.44411,18.65278,0,83,316,GDANSK,MT,100,KAROLI,7,2764,14,5727,2016/12/20 03:59:01,gdansk,2016-12-20,51,Cargo,Gdańsk,1
54.44408,18.65288,1,125,314,GDANSK,MT,100,KAROLI,7,2764,14,5727,2016/12/20 04:01:01,gdansk,2016-12-20,51,Cargo,Gdańsk,1
54.44408,18.65288,1,125,314,GDANSK,MT,100,KAROLI,7,2764,14,5727,2016/12/20 04:03:02,gdansk,2016-12-20,51,Cargo,Gdańsk,1
54.44411,18.65285,0,322,312,GDANSK,MT,100,KAROLI,7,2764,14,5727,2016/12/20 04:05:02,gdansk,2016-12-20,51,Cargo,Gdańsk,1
54.44412,18.65278,1,305,312,GDANSK,MT,100,KAROLI,7,2764,14,5727,2016/12/20 04:07:02,gdansk,2016-12-20,51,Cargo,Gdańsk,1
54.44412,18.65278,1,305,312,GDANSK,MT,100,KAROLI,7,2764,14,5727,2016/12/20 04:09:02,gdansk,2016-12-20,51,Cargo,Gdańsk,1
54.4441,18.65281,0,156,313,GDANSK,MT,100,KAROLI,7,2764,14,5727,2016/12/20 04:11:01,gdansk,2016-12-20,51,Cargo,Gdańsk,1
54.44406,18.65289,1,130,314,GDANSK,MT,100,KAROLI,7,2764,14,5727,2016/12/20 04:13:02,gdansk,2016-12-20,51,Cargo,Gdańsk,1
54.44406,18.65289,1,130,314,GDANSK,MT,100,KAROLI,7,2764,14,5727,2016/12/20 04:15:01,gdansk,2016-12-20,51,Cargo,Gdańsk,1
54.44411,18.65274,0,298,315,GDANSK,MT,100,KAROLI,7,2764,14,5727,2016/12/20 04:17:01,gdansk,2016-12-20,51,Cargo,Gdańsk,1
54.44413,18.65271,1,305,316,GDANSK,MT,100,KAROLI,7,2764,14,5727,2016/12/20 04:19:02,gdansk,2016-12-20,51,Cargo,Gdańsk,1
54.44413,18.65271,1,305,316,GDANSK,MT,100,KAROLI,7,2764,14,5727,2016/12/20 04:21:01,gdansk,2016-12-20,51,Cargo,Gdańsk,1
54.44408,18.65273,1,145,317,GDANSK,MT,100,KAROLI,7,2764,14,5727,2016/12/20 04:23:02,gdansk,2016-12-20,51,Cargo,Gdańsk,1
54.44402,18.65284,0,125,318,GDANSK,MT,100,KAROLI,7,2764,14,5727,2016/12/20 04:25:02,gdansk,2016-12-20,51,Cargo,Gdańsk,1
54.44402,18.65284,0,125,318,GDANSK,MT,100,KAROLI,7,2764,14,5727,2016/12/20 04:27:02,gdansk,2016-12-20,51,Cargo,Gdańsk,1
54.44411,18.65278,0,340,312,GDANSK,MT,100,KAROLI,7,2764,14,5727,2016/12/20 04:29:01,gdansk,2016-12-20,51,Cargo,Gdańsk,1
54.44409,18.65286,1,97,310,GDANSK,MT,100,KAROLI,7,2764,14,5727,2016/12/20 04:31:02,gdansk,2016-12-20,51,Cargo,Gdańsk,1
54.44409,18.65286,1,97,310,GDANSK,MT,100,KAROLI,7,2764,14,5727,2016/12/20 04:33:02,gdansk,2016-12-20,51,Cargo,Gdańsk,1
54.44407,18.65289,0,266,313,GDANSK,MT,100,KAROLI,7,2764,14,5727,2016/12/20 04:35:01,gdansk,2016-12-20,51,Cargo,Gdańsk,1
54.44406,18.65281,0,235,317,GDANSK,MT,100,KAROLI,7,2764,14,5727,2016/12/20 04:37:01,gdansk,2016-12-20,51,Cargo,Gdańsk,1
54.44406,18.65281,0,235,317,GDANSK,MT,100,KAROLI,7,2764,14,5727,2016/12/20 04:39:10,gdansk,2016-12-20,51,Cargo,Gdańsk,1
54.444,18.65282,0,146,317,GDANSK,MT,100,KAROLI,7,2764,14,5727,2016/12/20 04:41:02,gdansk,2016-12-20,51,Cargo,Gdańsk,1
54.44404,18.65276,0,301,315,GDANSK,MT,100,KAROLI,7,2764,14,5727,2016/12/20 04:43:01,gdansk,2016-12-20,51,Cargo,Gdańsk,1
54.44404,18.65276,0,301,315,GDANSK,MT,100,KAROLI,7,2764,14,5727,2016/12/20 04:45:02,gdansk,2016-12-20,51,Cargo,Gdańsk,1
54.44402,18.65269,0,188,315,GDANSK,MT,100,KAROLI,7,2764,14,5727,2016/12/20 04:47:01,gdansk,2016-12-20,51,Cargo,Gdańsk,1
54.44398,18.65269,1,171,319,GDANSK,MT,100,KAROLI,7,2764,14,5727,2016/12/20 04:49:02,gdansk,2016-12-20,51,Cargo,Gdańsk,1
54.44398,18.65269,1,171,319,GDANSK,MT,100,KAROLI,7,2764,14,5727,2016/12/20 04:51:02,gdansk,2016-12-20,51,Cargo,Gdańsk,1
54.44394,18.65264,0,309,324,GDANSK,MT,100,KAROLI,7,2764,14,5727,2016/12/20 04:53:01,gdansk,2016-12-20,51,Cargo,Gdańsk,1
54.44398,18.65258,0,319,325,GDANSK,MT,100,KAROLI,7,2764,14,5727,2016/12/20 04:55:01,gdansk,2016-12-20,51,Cargo,Gdańsk,1
54.44398,18.65258,0,319,325,GDANSK,MT,100,KAROLI,7,2764,14,5727,2016/12/20 04:57:02,gdansk,2016-12-20,51,Cargo,Gdańsk,1
54.44398,18.6526,0,315,326,GDANSK,MT,100,KAROLI,7,2764,14,5727,2016/12/20 04:59:02,gdansk,2016-12-20,51,Cargo,Gdańsk,1
54.44394,18.65265,0,134,325,GDANSK,MT,100,KAROLI,7,2764,14,5727,2016/12/20 05:01:01,gdansk,2016-12-20,51,Cargo,Gdańsk,1
54.44394,18.65265,0,134,325,GDANSK,MT,100,KAROLI,7,2764,14,5727,2016/12/20 05:03:02,gdansk,2016-12-20,51,Cargo,Gdańsk,1
54.44398,18.65267,2,0,320,GDANSK,MT,100,KAROLI,7,2764,14,5727,2016/12/20 05:05:01,gdansk,2016-12-20,51,Cargo,Gdańsk,1
54.44401,18.6527,0,88,317,GDANSK,MT,100,KAROLI,7,2764,14,5727,2016/12/20 05:07:02,gdansk,2016-12-20,51,Cargo,Gdańsk,1
54.44401,18.6527,0,88,317,GDANSK,MT,100,KAROLI,7,2764,14,5727,2016/12/20 05:09:10,gdansk,2016-12-20,51,Cargo,Gdańsk,1
54.444,18.65275,0,147,318,GDANSK,MT,100,KAROLI,7,2764,14,5727,2016/12/20 05:11:02,gdansk,2016-12-20,51,Cargo,Gdańsk,1
54.44402,18.6527,0,323,320,GDANSK,MT,100,KAROLI,7,2764,14,5727,2016/12/20 05:13:09,gdansk,2016-12-20,51,Cargo,Gdańsk,1
54.44402,18.6527,0,323,320,GDANSK,MT,100,KAROLI,7,2764,14,5727,2016/12/20 05:15:01,gdansk,2016-12-20,51,Cargo,Gdańsk,1
54.44405,18.6527,0,357,319,GDANSK,MT,100,KAROLI,7,2764,14,5727,2016/12/20 05:17:02,gdansk,2016-12-20,51,Cargo,Gdańsk,1
54.44405,18.65272,1,118,317,GDANSK,MT,100,KAROLI,7,2764,14,5727,2016/12/20 05:19:02,gdansk,2016-12-20,51,Cargo,Gdańsk,1
54.44405,18.65272,1,118,317,GDANSK,MT,100,KAROLI,7,2764,14,5727,2016/12/20 05:21:01,gdansk,2016-12-20,51,Cargo,Gdańsk,1
54.44401,18.65282,0,137,315,GDANSK,MT,100,KAROLI,7,2764,14,5727,2016/12/20 05:23:02,gdansk,2016-12-20,51,Cargo,Gdańsk,1
54.44407,18.65273,0,311,314,GDANSK,MT,100,KAROLI,7,2764,14,5727,2016/12/20 05:25:02,gdansk,2016-12-20,51,Cargo,Gdańsk,1
54.44407,18.65273,0,311,314,GDANSK,MT,100,KAROLI,7,2764,14,5727,2016/12/20 05:27:02,gdansk,2016-12-20,51,Cargo,Gdańsk,1
54.44405,18.6527,0,313,315,GDANSK,MT,100,KAROLI,7,2764,14,5727,2016/12/20 05:29:02,gdansk,2016-12-20,51,Cargo,Gdańsk,1
54.44404,18.65272,0,148,316,GDANSK,MT,100,KAROLI,7,2764,14,5727,2016/12/20 05:31:02,gdansk,2016-12-20,51,Cargo,Gdańsk,1
54.44404,18.65272,0,148,316,GDANSK,MT,100,KAROLI,7,2764,14,5727,2016/12/20 05:33:02,gdansk,2016-12-20,51,Cargo,Gdańsk,1
54.444,18.65277,0,154,316,GDANSK,MT,100,KAROLI,7,2764,14,5727,2016/12/20 05:35:01,gdansk,2016-12-20,51,Cargo,Gdańsk,1
54.44402,18.65273,0,259,316,GDANSK,MT,100,KAROLI,7,2764,14,5727,2016/12/20 05:37:02,gdansk,2016-12-20,51,Cargo,Gdańsk,1
54.44402,18.65273,0,259,316,GDANSK,MT,100,KAROLI,7,2764,14,5727,2016/12/20 05:39:01,gdansk,2016-12-20,51,Cargo,Gdańsk,1
54.44402,18.65263,1,223,319,GDANSK,MT,100,KAROLI,7,2764,14,5727,2016/12/20 05:41:02,gdansk,2016-12-20,51,Cargo,Gdańsk,1
54.44397,18.65267,0,172,323,GDANSK,MT,100,KAROLI,7,2764,14,5727,2016/12/20 05:43:02,gdansk,2016-12-20,51,Cargo,Gdańsk,1
54.44397,18.65267,0,172,323,GDANSK,MT,100,KAROLI,7,2764,14,5727,2016/12/20 05:45:01,gdansk,2016-12-20,51,Cargo,Gdańsk,1
54.44397,18.65263,0,314,324,GDANSK,MT,100,KAROLI,7,2764,14,5727,2016/12/20 05:47:01,gdansk,2016-12-20,51,Cargo,Gdańsk,1
54.44398,18.65261,0,343,323,GDANSK,MT,100,KAROLI,7,2764,14,5727,2016/12/20 05:49:02,gdansk,2016-12-20,51,Cargo,Gdańsk,1
54.44398,18.65261,0,343,323,GDANSK,MT,100,KAROLI,7,2764,14,5727,2016/12/20 05:51:01,gdansk,2016-12-20,51,Cargo,Gdańsk,1
54.44399,18.65266,0,99,321,GDANSK,MT,100,KAROLI,7,2764,14,5727,2016/12/20 05:53:01,gdansk,2016-12-20,51,Cargo,Gdańsk,1
54.44403,18.65275,1,35,319,GDANSK,MT,100,KAROLI,7,2764,14,5727,2016/12/20 05:55:02,gdansk,2016-12-20,51,Cargo,Gdańsk,1
54.44403,18.65275,1,35,319,GDANSK,MT,100,KAROLI,7,2764,14,5727,2016/12/20 05:57:02,gdansk,2016-12-20,51,Cargo,Gdańsk,1
54.44407,18.65278,1,19,313,GDANSK,MT,100,KAROLI,7,2764,14,5727,2016/12/20 05:59:02,gdansk,2016-12-20,51,Cargo,Gdańsk,1
54.44416,18.65291,1,61,308,GDANSK,MT,100,KAROLI,7,2764,14,5727,2016/12/20 06:01:02,gdansk,2016-12-20,51,Cargo,Gdańsk,1
54.44416,18.65291,1,61,308,GDANSK,MT,100,KAROLI,7,2764,14,5727,2016/12/20 06:03:01,gdansk,2016-12-20,51,Cargo,Gdańsk,1
54.44416,18.65298,0,75,304,GDANSK,MT,100,KAROLI,7,2764,14,5727,2016/12/20 06:05:02,gdansk,2016-12-20,51,Cargo,Gdańsk,1
54.44418,18.65297,1,296,303,GDANSK,MT,100,KAROLI,7,2764,14,5727,2016/12/20 06:07:02,gdansk,2016-12-20,51,Cargo,Gdańsk,1
54.44418,18.65297,1,296,303,GDANSK,MT,100,KAROLI,7,2764,14,5727,2016/12/20 06:09:01,gdansk,2016-12-20,51,Cargo,Gdańsk,1
54.44416,18.65292,1,232,304,GDANSK,MT,100,KAROLI,7,2764,14,5727,2016/12/20 06:11:02,gdansk,2016-12-20,51,Cargo,Gdańsk,1
54.44411,18.65285,0,206,308,GDANSK,MT,100,KAROLI,7,2764,14,5727,2016/12/20 06:13:01,gdansk,2016-12-20,51,Cargo,Gdańsk,1
54.44411,18.65285,0,206,308,GDANSK,MT,100,KAROLI,7,2764,14,5727,2016/12/20 06:15:01,gdansk,2016-12-20,51,Cargo,Gdańsk,1
54.44405,18.65278,0,229,314,GDANSK,MT,100,KAROLI,7,2764,14,5727,2016/12/20 06:17:02,gdansk,2016-12-20,51,Cargo,Gdańsk,1
54.44402,18.65271,0,228,319,GDANSK,MT,100,KAROLI,7,2764,14,5727,2016/12/20 06:19:02,gdansk,2016-12-20,51,Cargo,Gdańsk,1
54.44402,18.65271,0,228,319,GDANSK,MT,100,KAROLI,7,2764,14,5727,2016/12/20 06:21:02,gdansk,2016-12-20,51,Cargo,Gdańsk,1
54.44401,18.65272,0,337,320,GDANSK,MT,100,KAROLI,7,2764,14,5727,2016/12/20 06:23:02,gdansk,2016-12-20,51,Cargo,Gdańsk,1
54.44404,18.65278,1,58,317,GDANSK,MT,100,KAROLI,7,2764,14,5727,2016/12/20 06:25:02,gdansk,2016-12-20,51,Cargo,Gdańsk,1
54.44404,18.65278,1,58,317,GDANSK,MT,100,KAROLI,7,2764,14,5727,2016/12/20 06:27:02,gdansk,2016-12-20,51,Cargo,Gdańsk,1
54.44405,18.6528,0,27,313,GDANSK,MT,100,KAROLI,7,2764,14,5727,2016/12/20 06:29:02,gdansk,2016-12-20,51,Cargo,Gdańsk,1
54.44408,18.65279,0,345,312,GDANSK,MT,100,KAROLI,7,2764,14,5727,2016/12/20 06:31:02,gdansk,2016-12-20,51,Cargo,Gdańsk,1
54.44408,18.65279,0,345,312,GDANSK,MT,100,KAROLI,7,2764,14,5727,2016/12/20 06:33:01,gdansk,2016-12-20,51,Cargo,Gdańsk,1
54.44409,18.65283,0,75,311,GDANSK,MT,100,KAROLI,7,2764,14,5727,2016/12/20 06:35:01,gdansk,2016-12-20,51,Cargo,Gdańsk,1
54.44412,18.65288,0,88,308,GDANSK,MT,100,KAROLI,7,2764,14,5727,2016/12/20 06:37:02,gdansk,2016-12-20,51,Cargo,Gdańsk,1
54.44412,18.65288,0,88,308,GDANSK,MT,100,KAROLI,7,2764,14,5727,2016/12/20 06:39:02,gdansk,2016-12-20,51,Cargo,Gdańsk,1
54.44415,18.6529,0,358,307,GDANSK,MT,100,KAROLI,7,2764,14,5727,2016/12/20 06:41:02,gdansk,2016-12-20,51,Cargo,Gdańsk,1
54.44415,18.65292,0,110,306,GDANSK,MT,100,KAROLI,7,2764,14,5727,2016/12/20 06:43:01,gdansk,2016-12-20,51,Cargo,Gdańsk,1
54.44415,18.65292,0,110,306,GDANSK,MT,100,KAROLI,7,2764,14,5727,2016/12/20 06:45:01,gdansk,2016-12-20,51,Cargo,Gdańsk,1
54.44413,18.6529,0,175,307,GDANSK,MT,100,KAROLI,7,2764,14,5727,2016/12/20 06:47:02,gdansk,2016-12-20,51,Cargo,Gdańsk,1
54.4441,18.65287,0,291,309,GDANSK,MT,100,KAROLI,7,2764,14,5727,2016/12/20 06:49:02,gdansk,2016-12-20,51,Cargo,Gdańsk,1
54.4441,18.65287,0,291,309,GDANSK,MT,100,KAROLI,7,2764,14,5727,2016/12/20 06:51:02,gdansk,2016-12-20,51,Cargo,Gdańsk,1
54.4441,18.65287,0,291,309,GDANSK,MT,100,KAROLI,7,2764,14,5727,2016/12/20 06:53:01,gdansk,2016-12-20,51,Cargo,Gdańsk,1
54.44412,18.65287,0,0,309,GDANSK,MT,100,KAROLI,7,2764,14,5727,2016/12/20 06:55:01,gdansk,2016-12-20,51,Cargo,Gdańsk,1
54.44412,18.65287,0,0,309,GDANSK,MT,100,KAROLI,7,2764,14,5727,2016/12/20 06:57:02,gdansk,2016-12-20,51,Cargo,Gdańsk,1
54.44411,18.65293,0,104,305,GDANSK,MT,100,KAROLI,7,2764,14,5727,2016/12/20 06:59:02,gdansk,2016-12-20,51,Cargo,Gdańsk,1
54.44415,18.65291,0,317,305,GDANSK,MT,100,KAROLI,7,2764,14,5727,2016/12/20 07:01:02,gdansk,2016-12-20,51,Cargo,Gdańsk,1
54.44415,18.65291,0,317,305,GDANSK,MT,100,KAROLI,7,2764,14,5727,2016/12/20 07:03:01,gdansk,2016-12-20,51,Cargo,Gdańsk,1
54.44416,18.65287,0,316,307,GDANSK,MT,100,KAROLI,7,2764,14,5727,2016/12/20 07:05:02,gdansk,2016-12-20,51,Cargo,Gdańsk,1
54.44415,18.65292,0,118,308,GDANSK,MT,100,KAROLI,7,2764,14,5727,2016/12/20 07:07:02,gdansk,2016-12-20,51,Cargo,Gdańsk,1
54.44415,18.65292,0,118,308,GDANSK,MT,100,KAROLI,7,2764,14,5727,2016/12/20 07:09:02,gdansk,2016-12-20,51,Cargo,Gdańsk,1
54.44415,18.65296,1,356,305,GDANSK,MT,100,KAROLI,7,2764,14,5727,2016/12/20 07:11:02,gdansk,2016-12-20,51,Cargo,Gdańsk,1
54.44421,18.65295,0,341,302,GDANSK,MT,100,KAROLI,7,2764,14,5727,2016/12/20 07:13:01,gdansk,2016-12-20,51,Cargo,Gdańsk,1
54.44421,18.65295,0,341,302,GDANSK,MT,100,KAROLI,7,2764,14,5727,2016/12/20 07:15:01,gdansk,2016-12-20,51,Cargo,Gdańsk,1
54.44422,18.65295,0,340,301,GDANSK,MT,100,KAROLI,7,2764,14,5727,2016/12/20 07:17:02,gdansk,2016-12-20,51,Cargo,Gdańsk,1
54.44422,18.65295,0,340,301,GDANSK,MT,100,KAROLI,7,2764,14,5727,2016/12/20 07:19:02,gdansk,2016-12-20,51,Cargo,Gdańsk,1
54.44422,18.65295,0,340,301,GDANSK,MT,100,KAROLI,7,2764,14,5727,2016/12/20 07:21:02,gdansk,2016-12-20,51,Cargo,Gdańsk,1
54.44424,18.65304,0,78,301,GDANSK,MT,100,KAROLI,7,2764,14,5727,2016/12/20 07:23:02,gdansk,2016-12-20,51,Cargo,Gdańsk,1
54.44426,18.65306,0,347,300,GDANSK,MT,100,KAROLI,7,2764,14,5727,2016/12/20 07:25:02,gdansk,2016-12-20,51,Cargo,Gdańsk,1
54.44426,18.65306,0,347,300,GDANSK,MT,100,KAROLI,7,2764,14,5727,2016/12/20 07:27:01,gdansk,2016-12-20,51,Cargo,Gdańsk,1
54.44428,18.65303,1,0,297,GDANSK,MT,100,KAROLI,7,2764,14,5727,2016/12/20 07:29:02,gdansk,2016-12-20,51,Cargo,Gdańsk,1
54.44434,18.65308,1,20,292,GDANSK,MT,100,KAROLI,7,2764,14,5727,2016/12/20 07:31:02,gdansk,2016-12-20,51,Cargo,Gdańsk,1
54.44434,18.65308,1,20,292,GDANSK,MT,100,KAROLI,7,2764,14,5727,2016/12/20 07:33:02,gdansk,2016-12-20,51,Cargo,Gdańsk,1
54.44437,18.65312,1,38,288,GDANSK,MT,100,KAROLI,7,2764,14,5727,2016/12/20 07:35:01,gdansk,2016-12-20,51,Cargo,Gdańsk,1
54.4444,18.65318,0,83,288,GDANSK,MT,100,KAROLI,7,2764,14,5727,2016/12/20 07:37:02,gdansk,2016-12-20,51,Cargo,Gdańsk,1
54.4444,18.65318,0,83,288,GDANSK,MT,100,KAROLI,7,2764,14,5727,2016/12/20 07:39:02,gdansk,2016-12-20,51,Cargo,Gdańsk,1
54.44439,18.65318,0,226,289,GDANSK,MT,100,KAROLI,7,2764,14,5727,2016/12/20 07:41:02,gdansk,2016-12-20,51,Cargo,Gdańsk,1
54.44439,18.65312,0,269,289,GDANSK,MT,100,KAROLI,7,2764,14,5727,2016/12/20 07:43:02,gdansk,2016-12-20,51,Cargo,Gdańsk,1
54.44439,18.65312,0,269,289,GDANSK,MT,100,KAROLI,7,2764,14,5727,2016/12/20 07:45:01,gdansk,2016-12-20,51,Cargo,Gdańsk,1
54.44437,18.65306,0,218,290,GDANSK,MT,100,KAROLI,7,2764,14,5727,2016/12/20 07:47:10,gdansk,2016-12-20,51,Cargo,Gdańsk,1
54.44433,18.65308,0,165,293,GDANSK,MT,100,KAROLI,7,2764,14,5727,2016/12/20 07:49:02,gdansk,2016-12-20,51,Cargo,Gdańsk,1
54.44433,18.65308,0,165,293,GDANSK,MT,100,KAROLI,7,2764,14,5727,2016/12/20 07:51:02,gdansk,2016-12-20,51,Cargo,Gdańsk,1
54.44431,18.65313,0,140,296,GDANSK,MT,100,KAROLI,7,2764,14,5727,2016/12/20 07:53:02,gdansk,2016-12-20,51,Cargo,Gdańsk,1
54.44431,18.65307,1,284,298,GDANSK,MT,100,KAROLI,7,2764,14,5727,2016/12/20 07:55:01,gdansk,2016-12-20,51,Cargo,Gdańsk,1
54.44431,18.65307,1,284,298,GDANSK,MT,100,KAROLI,7,2764,14,5727,2016/12/20 07:57:01,gdansk,2016-12-20,51,Cargo,Gdańsk,1
54.44434,18.65301,0,305,297,GDANSK,MT,100,KAROLI,7,2764,14,5727,2016/12/20 07:59:01,gdansk,2016-12-20,51,Cargo,Gdańsk,1
54.44434,18.65301,0,305,297,GDANSK,MT,100,KAROLI,7,2764,14,5727,2016/12/20 08:01:02,gdansk,2016-12-20,51,Cargo,Gdańsk,1
54.44431,18.65303,0,198,297,GDANSK,MT,100,KAROLI,7,2764,14,5727,2016/12/20 08:03:01,gdansk,2016-12-20,51,Cargo,Gdańsk,1
54.4443,18.65311,0,136,296,GDANSK,MT,100,KAROLI,7,2764,14,5727,2016/12/20 08:05:02,gdansk,2016-12-20,51,Cargo,Gdańsk,1
54.44428,18.65303,1,241,298,GDANSK,MT,100,KAROLI,7,2764,14,5727,2016/12/20 08:07:02,gdansk,2016-12-20,51,Cargo,Gdańsk,1
54.44428,18.65303,1,241,298,GDANSK,MT,100,KAROLI,7,2764,14,5727,2016/12/20 08:09:02,gdansk,2016-12-20,51,Cargo,Gdańsk,1
54.44423,18.65291,0,234,304,GDANSK,MT,100,KAROLI,7,2764,14,5727,2016/12/20 08:11:02,gdansk,2016-12-20,51,Cargo,Gdańsk,1
54.44423,18.65291,0,234,304,GDANSK,MT,100,KAROLI,7,2764,14,5727,2016/12/20 08:13:01,gdansk,2016-12-20,51,Cargo,Gdańsk,1
54.44416,18.65285,0,213,309,GDANSK,MT,100,KAROLI,7,2764,14,5727,2016/12/20 08:15:02,gdansk,2016-12-20,51,Cargo,Gdańsk,1
54.44411,18.65277,0,187,312,GDANSK,MT,100,KAROLI,7,2764,14,5727,2016/12/20 08:17:01,gdansk,2016-12-20,51,Cargo,Gdańsk,1
54.44405,18.65272,0,208,316,GDANSK,MT,100,KAROLI,7,2764,14,5727,2016/12/20 08:19:02,gdansk,2016-12-20,51,Cargo,Gdańsk,1
54.44405,18.65272,0,208,316,GDANSK,MT,100,KAROLI,7,2764,14,5727,2016/12/20 08:21:01,gdansk,2016-12-20,51,Cargo,Gdańsk,1
54.44398,18.65263,1,250,321,GDANSK,MT,100,KAROLI,7,2764,14,5727,2016/12/20 08:23:02,gdansk,2016-12-20,51,Cargo,Gdańsk,1
54.44397,18.65248,0,278,327,GDANSK,MT,100,KAROLI,7,2764,14,5727,2016/12/20 08:25:02,gdansk,2016-12-20,51,Cargo,Gdańsk,1
54.44397,18.65248,0,278,327,GDANSK,MT,100,KAROLI,7,2764,14,5727,2016/12/20 08:27:01,gdansk,2016-12-20,51,Cargo,Gdańsk,1
54.44398,18.65238,1,311,330,GDANSK,MT,100,KAROLI,7,2764,14,5727,2016/12/20 08:29:01,gdansk,2016-12-20,51,Cargo,Gdańsk,1
54.44398,18.65238,1,311,330,GDANSK,MT,100,KAROLI,7,2764,14,5727,2016/12/20 08:31:02,gdansk,2016-12-20,51,Cargo,Gdańsk,1
54.44397,18.65237,1,320,331,GDANSK,MT,100,KAROLI,7,2764,14,5727,2016/12/20 08:33:01,gdansk,2016-12-20,51,Cargo,Gdańsk,1
54.44396,18.65241,0,114,329,GDANSK,MT,100,KAROLI,7,2764,14,5727,2016/12/20 08:35:01,gdansk,2016-12-20,51,Cargo,Gdańsk,1
54.44394,18.65248,0,126,328,GDANSK,MT,100,KAROLI,7,2764,14,5727,2016/12/20 08:37:01,gdansk,2016-12-20,51,Cargo,Gdańsk,1
54.44394,18.65248,0,126,328,GDANSK,MT,100,KAROLI,7,2764,14,5727,2016/12/20 08:39:02,gdansk,2016-12-20,51,Cargo,Gdańsk,1
54.44393,18.65256,0,115,325,GDANSK,MT,100,KAROLI,7,2764,14,5727,2016/12/20 08:41:02,gdansk,2016-12-20,51,Cargo,Gdańsk,1
54.44395,18.65257,1,320,324,GDANSK,MT,100,KAROLI,7,2764,14,5727,2016/12/20 08:43:09,gdansk,2016-12-20,51,Cargo,Gdańsk,1
54.44395,18.65257,1,320,324,GDANSK,MT,100,KAROLI,7,2764,14,5727,2016/12/20 08:45:02,gdansk,2016-12-20,51,Cargo,Gdańsk,1
54.44397,18.65251,0,328,324,GDANSK,MT,100,KAROLI,7,2764,14,5727,2016/12/20 08:47:02,gdansk,2016-12-20,51,Cargo,Gdańsk,1
54.44398,18.65248,0,324,324,GDANSK,MT,100,KAROLI,7,2764,14,5727,2016/12/20 08:49:02,gdansk,2016-12-20,51,Cargo,Gdańsk,1
54.44398,18.65248,0,324,324,GDANSK,MT,100,KAROLI,7,2764,14,5727,2016/12/20 08:51:02,gdansk,2016-12-20,51,Cargo,Gdańsk,1
54.44401,18.65243,0,307,325,GDANSK,MT,100,KAROLI,7,2764,14,5727,2016/12/20 08:53:02,gdansk,2016-12-20,51,Cargo,Gdańsk,1
54.444,18.65239,0,205,326,GDANSK,MT,100,KAROLI,7,2764,14,5727,2016/12/20 08:55:02,gdansk,2016-12-20,51,Cargo,Gdańsk,1
54.444,18.65239,0,205,326,GDANSK,MT,100,KAROLI,7,2764,14,5727,2016/12/20 08:57:01,gdansk,2016-12-20,51,Cargo,Gdańsk,1
54.44395,18.65238,0,163,328,GDANSK,MT,100,KAROLI,7,2764,14,5727,2016/12/20 08:59:01,gdansk,2016-12-20,51,Cargo,Gdańsk,1
54.44392,18.65245,0,136,328,GDANSK,MT,100,KAROLI,7,2764,14,5727,2016/12/20 09:01:00,gdansk,2016-12-20,51,Cargo,Gdańsk,1
54.44392,18.65245,0,136,328,GDANSK,MT,100,KAROLI,7,2764,14,5727,2016/12/20 09:03:01,gdansk,2016-12-20,51,Cargo,Gdańsk,1
54.4439,18.65252,0,105,328,GDANSK,MT,100,KAROLI,7,2764,14,5727,2016/12/20 09:05:01,gdansk,2016-12-20,51,Cargo,Gdańsk,1
54.44395,18.65251,0,359,326,GDANSK,MT,100,KAROLI,7,2764,14,5727,2016/12/20 09:07:02,gdansk,2016-12-20,51,Cargo,Gdańsk,1
54.44395,18.65251,0,359,326,GDANSK,MT,100,KAROLI,7,2764,14,5727,2016/12/20 09:09:01,gdansk,2016-12-20,51,Cargo,Gdańsk,1
54.44403,18.65253,1,4,322,GDANSK,MT,100,KAROLI,7,2764,14,5727,2016/12/20 09:11:02,gdansk,2016-12-20,51,Cargo,Gdańsk,1
54.44411,18.65287,1,334,310,GDANSK,MT,100,KAROLI,7,2764,14,5727,2016/12/20 09:31:02,gdansk,2016-12-20,51,Cargo,Gdańsk,1
54.44411,18.65287,1,334,310,GDANSK,MT,100,KAROLI,7,2764,14,5727,2016/12/20 09:33:01,gdansk,2016-12-20,51,Cargo,Gdańsk,1
54.44413,18.65281,0,315,310,GDANSK,MT,100,KAROLI,7,2764,14,5727,2016/12/20 09:35:02,gdansk,2016-12-20,51,Cargo,Gdańsk,1
54.44419,18.65276,1,320,308,GDANSK,MT,100,KAROLI,7,2764,14,5727,2016/12/20 09:37:02,gdansk,2016-12-20,51,Cargo,Gdańsk,1
54.44419,18.65276,1,320,308,GDANSK,MT,100,KAROLI,7,2764,14,5727,2016/12/20 09:39:02,gdansk,2016-12-20,51,Cargo,Gdańsk,1
54.44419,18.65273,0,188,305,GDANSK,MT,100,KAROLI,7,2764,14,5727,2016/12/20 09:43:01,gdansk,2016-12-20,51,Cargo,Gdańsk,1
54.44419,18.65273,0,188,305,GDANSK,MT,100,KAROLI,7,2764,14,5727,2016/12/20 09:45:01,gdansk,2016-12-20,51,Cargo,Gdańsk,1
54.44412,18.65274,1,160,307,GDANSK,MT,100,KAROLI,7,2764,14,5727,2016/12/20 09:47:02,gdansk,2016-12-20,51,Cargo,Gdańsk,1
54.44411,18.65276,0,162,309,GDANSK,MT,100,KAROLI,7,2764,14,5727,2016/12/20 09:49:02,gdansk,2016-12-20,51,Cargo,Gdańsk,1
54.44411,18.65276,0,162,309,GDANSK,MT,100,KAROLI,7,2764,14,5727,2016/12/20 09:51:02,gdansk,2016-12-20,51,Cargo,Gdańsk,1
54.44408,18.65276,0,171,312,GDANSK,MT,100,KAROLI,7,2764,14,5727,2016/12/20 09:53:01,gdansk,2016-12-20,51,Cargo,Gdańsk,1
54.44406,18.65269,0,184,315,GDANSK,MT,100,KAROLI,7,2764,14,5727,2016/12/20 09:55:02,gdansk,2016-12-20,51,Cargo,Gdańsk,1
54.44406,18.65269,0,184,315,GDANSK,MT,100,KAROLI,7,2764,14,5727,2016/12/20 09:57:01,gdansk,2016-12-20,51,Cargo,Gdańsk,1
54.44403,18.65267,0,167,318,GDANSK,MT,100,KAROLI,7,2764,14,5727,2016/12/20 10:01:02,gdansk,2016-12-20,51,Cargo,Gdańsk,1
54.44403,18.65267,0,167,318,GDANSK,MT,100,KAROLI,7,2764,14,5727,2016/12/20 10:03:02,gdansk,2016-12-20,51,Cargo,Gdańsk,1
54.44402,18.65271,0,153,318,GDANSK,MT,100,KAROLI,7,2764,14,5727,2016/12/20 10:05:02,gdansk,2016-12-20,51,Cargo,Gdańsk,1
54.44403,18.65268,1,198,318,GDANSK,MT,100,KAROLI,7,2764,14,5727,2016/12/20 10:07:02,gdansk,2016-12-20,51,Cargo,Gdańsk,1
54.44403,18.65263,0,305,319,GDANSK,MT,100,KAROLI,7,2764,14,5727,2016/12/20 10:11:02,gdansk,2016-12-20,51,Cargo,Gdańsk,1
54.44403,18.65259,0,318,319,GDANSK,MT,100,KAROLI,7,2764,14,5727,2016/12/20 10:13:02,gdansk,2016-12-20,51,Cargo,Gdańsk,1
54.44403,18.65259,0,318,319,GDANSK,MT,100,KAROLI,7,2764,14,5727,2016/12/20 10:15:02,gdansk,2016-12-20,51,Cargo,Gdańsk,1
54.44403,18.65256,0,319,318,GDANSK,MT,100,KAROLI,7,2764,14,5727,2016/12/20 10:17:02,gdansk,2016-12-20,51,Cargo,Gdańsk,1
54.44414,18.65248,1,351,314,GDANSK,MT,100,KAROLI,7,2764,14,5727,2016/12/20 10:25:02,gdansk,2016-12-20,51,Cargo,Gdańsk,1
54.44414,18.65248,1,351,314,GDANSK,MT,100,KAROLI,7,2764,14,5727,2016/12/20 10:27:02,gdansk,2016-12-20,51,Cargo,Gdańsk,1
54.44417,18.65255,0,39,311,GDANSK,MT,100,KAROLI,7,2764,14,5727,2016/12/20 10:29:02,gdansk,2016-12-20,51,Cargo,Gdańsk,1
54.4442,18.65266,0,78,306,GDANSK,MT,100,KAROLI,7,2764,14,5727,2016/12/20 10:31:02,gdansk,2016-12-20,51,Cargo,Gdańsk,1
54.4442,18.65266,0,78,306,GDANSK,MT,100,KAROLI,7,2764,14,5727,2016/12/20 10:33:02,gdansk,2016-12-20,51,Cargo,Gdańsk,1
54.44423,18.65275,0,87,302,GDANSK,MT,100,KAROLI,7,2764,14,5727,2016/12/20 10:35:02,gdansk,2016-12-20,51,Cargo,Gdańsk,1
54.44423,18.65275,0,87,302,GDANSK,MT,100,KAROLI,7,2764,14,5727,2016/12/20 10:37:02,gdansk,2016-12-20,51,Cargo,Gdańsk,1
54.44423,18.65275,0,87,302,GDANSK,MT,100,KAROLI,7,2764,14,5727,2016/12/20 10:39:02,gdansk,2016-12-20,51,Cargo,Gdańsk,1
54.4442,18.6529,0,136,300,GDANSK,MT,100,KAROLI,7,2764,14,5727,2016/12/20 10:41:01,gdansk,2016-12-20,51,Cargo,Gdańsk,1
54.44419,18.65291,0,117,300,GDANSK,MT,100,KAROLI,7,2764,14,5727,2016/12/20 10:43:02,gdansk,2016-12-20,51,Cargo,Gdańsk,1
54.44419,18.65291,0,117,300,GDANSK,MT,100,KAROLI,7,2764,14,5727,2016/12/20 10:45:02,gdansk,2016-12-20,51,Cargo,Gdańsk,1
54.44422,18.65287,0,353,298,GDANSK,MT,100,KAROLI,7,2764,14,5727,2016/12/20 10:49:02,gdansk,2016-12-20,51,Cargo,Gdańsk,1
54.44426,18.65289,0,353,295,GDANSK,MT,100,KAROLI,7,2764,14,5727,2016/12/20 10:53:02,gdansk,2016-12-20,51,Cargo,Gdańsk,1
54.4443,18.65291,0,18,292,GDANSK,MT,100,KAROLI,7,2764,14,5727,2016/12/20 10:57:01,gdansk,2016-12-20,51,Cargo,Gdańsk,1
54.44437,18.65293,0,2,290,GDANSK,MT,100,KAROLI,7,2764,14,5727,2016/12/20 10:59:02,gdansk,2016-12-20,51,Cargo,Gdańsk,1
54.44438,18.65297,0,33,287,GDANSK,MT,100,KAROLI,7,2764,14,5727,2016/12/20 11:01:02,gdansk,2016-12-20,51,Cargo,Gdańsk,1
54.44451,18.65316,1,45,280,GDANSK,MT,100,KAROLI,7,2764,14,5727,2016/12/20 11:07:03,gdansk,2016-12-20,51,Cargo,Gdańsk,1
54.44451,18.65316,1,45,280,GDANSK,MT,100,KAROLI,7,2764,14,5727,2016/12/20 11:09:02,gdansk,2016-12-20,51,Cargo,Gdańsk,1
54.44456,18.65324,1,15,277,GDANSK,MT,100,KAROLI,7,2764,14,5727,2016/12/20 11:11:02,gdansk,2016-12-20,51,Cargo,Gdańsk,1
54.79436,18.98823,90,149,148,GDANSK,SE,169,BALTICO,8,6333,24,25000,2016/12/16 02:37:02,gdansk,2016-12-16,51,Tanker,Gdańsk,0
54.79016,18.99251,76,149,149,GDANSK,SE,169,BALTICO,8,6333,24,25000,2016/12/16 02:39:02,gdansk,2016-12-16,51,Tanker,Gdańsk,0
54.7867,18.99586,68,150,147,GDANSK,SE,169,BALTICO,8,6333,24,25000,2016/12/16 02:41:02,gdansk,2016-12-16,51,Tanker,Gdańsk,0
54.78341,18.99923,60,152,158,GDANSK,SE,169,BALTICO,8,6333,24,25000,2016/12/16 02:43:02,gdansk,2016-12-16,51,Tanker,Gdańsk,0
54.51421,18.99791,47,205,207,GDANSK,SE,169,BALTICO,8,6333,24,25000,2016/12/16 06:27:02,gdansk,2016-12-16,51,Tanker,Gdańsk,0
54.51188,18.99595,46,206,208,GDANSK,SE,169,BALTICO,8,6333,24,25000,2016/12/16 06:29:02,gdansk,2016-12-16,51,Tanker,Gdańsk,0
54.50956,18.99398,46,206,208,GDANSK,SE,169,BALTICO,8,6333,24,25000,2016/12/16 06:31:02,gdansk,2016-12-16,51,Tanker,Gdańsk,0
54.50823,18.99285,46,206,208,GDANSK,SE,169,BALTICO,8,6333,24,25000,2016/12/16 06:33:02,gdansk,2016-12-16,51,Tanker,Gdańsk,0
54.50595,18.99089,46,206,207,GDANSK,SE,169,BALTICO,8,6333,24,25000,2016/12/16 06:35:07,gdansk,2016-12-16,51,Tanker,Gdańsk,0
54.50324,18.9886,46,206,207,GDANSK,SE,169,BALTICO,8,6333,24,25000,2016/12/16 06:37:02,gdansk,2016-12-16,51,Tanker,Gdańsk,0
54.50092,18.9866,46,206,208,GDANSK,SE,169,BALTICO,8,6333,24,25000,2016/12/16 06:39:03,gdansk,2016-12-16,51,Tanker,Gdańsk,0
54.49844,18.98447,46,206,208,GDANSK,SE,169,BALTICO,8,6333,24,25000,2016/12/16 06:41:02,gdansk,2016-12-16,51,Tanker,Gdańsk,0
54.4959,18.98225,46,206,208,GDANSK,SE,169,BALTICO,8,6333,24,25000,2016/12/16 06:43:02,gdansk,2016-12-16,51,Tanker,Gdańsk,0
54.49343,18.98012,46,206,207,GDANSK,SE,169,BALTICO,8,6333,24,25000,2016/12/16 06:45:01,gdansk,2016-12-16,51,Tanker,Gdańsk,0
54.49113,18.97816,46,206,207,GDANSK,SE,169,BALTICO,8,6333,24,25000,2016/12/16 06:47:02,gdansk,2016-12-16,51,Tanker,Gdańsk,0
54.48881,18.97617,46,207,207,GDANSK,SE,169,BALTICO,8,6333,24,25000,2016/12/16 06:49:01,gdansk,2016-12-16,51,Tanker,Gdańsk,0
54.48747,18.97499,46,207,208,GDANSK,SE,169,BALTICO,8,6333,24,25000,2016/12/16 06:51:03,gdansk,2016-12-16,51,Tanker,Gdańsk,0
54.48516,18.97294,46,206,207,GDANSK,SE,169,BALTICO,8,6333,24,25000,2016/12/16 06:53:02,gdansk,2016-12-16,51,Tanker,Gdańsk,0
